infid^{-1},Sample#_4,Sample#_thrifty_4,vu,N_mterm,vstar,remain,1_Character,1_Cross_Character,Sample#,Sample#_thrifty,N_m,PartOne_CRM,PartTwo,PartOne_THR
10472.669,1825191,19042157665,2.89E-06,1.923730496,0.030118581,1.923730496,1.06E-06,8.62E-07,9512,9.21434E+11,2193536000,1.48E-08,0.496435824,1.457413253
9238.555,1611468,14818490589,3.27E-06,1.923731356,0.030118198,1.923731356,1.33E-06,1.10E-06,9377,7.17046E+11,1707018000,1.88E-08,0.496472928,1.457376626
8966.979,1565834,13960042580,3.38E-06,1.92373133,0.030118105,1.92373133,1.52E-06,1.19E-06,9839,6.75503E+11,1608133900,2.09E-08,0.496485536,1.457363899
7928.741,1382143,10914318967,3.81E-06,1.923732366,0.030117664,1.923732366,1.99E-06,1.47E-06,9812,5.28128E+11,1257298700,2.67E-08,0.496500519,1.457349512
7906.3223,1379646,10852681430,3.83E-06,1.923732377,0.030117654,1.923732377,2.24E-06,1.53E-06,10636,5.25135E+11,1250198700,2.91E-08,0.496530109,1.457319922
7865.549,1371206,10741026282,3.84E-06,1.923732519,0.030117631,1.923732519,1.90E-06,1.52E-06,9561,5.19733E+11,1237337200,2.64E-08,0.496529288,1.457320862
7456.5405,1299248,9652934099,4.05E-06,1.923732854,0.030117415,1.923732854,2.13E-06,1.67E-06,9527,4.6708E+11,1111999900,2.93E-08,0.496546787,1.457303482
7319.9023,1277572,9302382117,4.13E-06,1.923732922,0.030117347,1.923732922,2.20E-06,1.77E-06,9601,4.50116E+11,1071619300,3.06E-08,0.496558201,1.457292069
7281.778,1270534,9205727643,4.15E-06,1.923732945,0.030117325,1.923732945,2.25E-06,1.80E-06,9707,4.45438E+11,1060485760,3.13E-08,0.496562141,1.457288128
7102.97,1239150,8759145948,4.26E-06,1.923733289,0.030117219,1.923733289,2.10E-06,1.70E-06,8664,4.23833E+11,1009043800,2.93E-08,0.496552484,1.457298024
6781.413,1184255,7983978062,4.47E-06,1.923733723,0.030117023,1.923733723,2.21E-06,1.77E-06,8298,3.86325E+11,919751300,3.08E-08,0.496561079,1.457289668
6657.6255,1161102,7695136668,4.54E-06,1.923733814,0.030116932,1.923733814,2.15E-06,1.64E-06,7602,3.72352E+11,886479500,2.92E-08,0.49655266,1.457298087
6639.183,1156868,7652560135,4.55E-06,1.923733707,0.030116919,1.923733707,2.38E-06,1.99E-06,8698,3.70284E+11,881575040,3.37E-08,0.496584168,1.457266459
6631.3105,1156494,7634422049,4.56E-06,1.923733829,0.030116918,1.923733829,2.84E-06,2.05E-06,9714,3.69406E+11,879485600,3.78E-08,0.496587729,1.457263017
6216.086,1085161,6708216924,4.87E-06,1.923734488,0.030116616,1.923734488,2.75E-06,2.29E-06,8813,3.24587E+11,772794500,3.89E-08,0.496613772,1.457237332
6134.2656,1069306,6532767706,4.93E-06,1.923734556,0.030116548,1.923734556,3.34E-06,2.54E-06,9990,3.16093E+11,752584260,4.54E-08,0.49663892,1.457212184
6069.9043,1059321,6396391727,4.99E-06,1.923734727,0.030116496,1.923734727,3.06E-06,2.54E-06,9329,3.09495E+11,736874800,4.33E-08,0.496636256,1.457214967
6061.133,1057700,6377917509,4.99E-06,1.923734732,0.030116491,1.923734732,3.36E-06,2.57E-06,9830,3.08601E+11,734746600,4.57E-08,0.496640971,1.457210252
6030.6313,1051033,6313881087,5.01E-06,1.923734761,0.030116462,1.923734761,3.10E-06,2.63E-06,9407,3.05501E+11,727370240,4.42E-08,0.496647217,1.457204006
6030.6313,1051620,6313881138,5.01E-06,1.92373476,0.030116463,1.92373476,3.06E-06,2.55E-06,9217,3.05503E+11,727370240,4.33E-08,0.496639303,1.45721192
6024.135,1051072,6300285251,5.02E-06,1.923734882,0.03011646,1.923734882,3.49E-06,2.64E-06,10032,3.04843E+11,725804100,4.73E-08,0.496647984,1.457203358
5932.5376,1035447,6110133680,5.10E-06,1.923734839,0.030116384,1.923734839,3.28E-06,2.67E-06,9444,2.95643E+11,703900000,4.58E-08,0.496650164,1.457201059
5882.6143,1027574,6007722976,5.15E-06,1.923735118,0.030116344,1.923735118,3.35E-06,2.74E-06,9515,2.90687E+11,692103040,4.70E-08,0.496655255,1.457196206
5785.247,1009757,5810475299,5.23E-06,1.923735207,0.030116254,1.923735207,3.33E-06,2.80E-06,9259,2.81143E+11,669381600,4.73E-08,0.496661839,1.457189622
5224.9194,911910,4739352751,5.79E-06,1.923736001,0.030115698,1.923736001,4.41E-06,3.45E-06,9693,2.29311E+11,545995650,6.07E-08,0.496717394,1.457134306
5026.1284,878010,4385546992,6.03E-06,1.923736701,0.030115475,1.923736701,4.62E-06,3.78E-06,9585,2.1219E+11,505239300,6.48E-08,0.496745153,1.457107024
5008.124,874614,4354180856,6.05E-06,1.923736964,0.030115451,1.923736964,4.58E-06,3.73E-06,9418,2.10674E+11,501626180,6.42E-08,0.496740582,1.457111833
4969.5547,868092,4287365827,6.09E-06,1.92373701,0.030115405,1.92373701,4.84E-06,3.83E-06,9662,2.0744E+11,493929440,6.69E-08,0.496748823,1.457103592
4959.2715,865943,4269639194,6.10E-06,1.923736789,0.030115388,1.923736789,4.73E-06,3.76E-06,9420,2.06583E+11,491887520,6.54E-08,0.496742241,1.457109936
4668.118,815311,3782976670,6.49E-06,1.923737638,0.030115015,1.923737638,5.47E-06,4.29E-06,9606,1.83033E+11,435826530,7.53E-08,0.496783819,1.457068835
4662.928,813759,3774568072,6.49E-06,1.923737654,0.030114999,1.923737654,5.51E-06,4.41E-06,9737,1.82626E+11,434858000,7.65E-08,0.496792021,1.457060633
4418.5454,771858,3389248238,6.85E-06,1.923738479,0.030114652,1.923738479,5.61E-06,4.73E-06,9113,1.63982E+11,390470850,7.97E-08,0.496812822,1.457040308
4185.932,731026,3041751200,7.23E-06,1.923739334,0.030114273,1.923739334,6.74E-06,5.46E-06,9655,1.47166E+11,350440580,9.42E-08,0.496864151,1.456989457
4171.3613,728080,3020609312,7.25E-06,1.923739364,0.030114243,1.923739364,6.96E-06,5.29E-06,9625,1.46144E+11,348005120,9.45E-08,0.496853925,1.456999682
4124.193,720918,2952675201,7.35E-06,1.923739442,0.030114165,1.923739442,6.69E-06,5.64E-06,9472,1.42856E+11,340179330,9.52E-08,0.496875696,1.456977911
4116.098,718640,2941093958,7.35E-06,1.923739464,0.030114143,1.923739464,6.33E-06,5.35E-06,8940,1.42297E+11,338845280,9.01E-08,0.496856585,1.456997022
4044.6519,706378,2839867136,7.48E-06,1.923739823,0.030114023,1.923739823,6.91E-06,5.85E-06,9428,1.37397E+11,327184200,9.85E-08,0.496889436,1.456964409
3886.3137,678779,2621844953,7.79E-06,1.923740369,0.030113715,1.923740369,7.72E-06,6.35E-06,9595,1.26848E+11,302068700,1.09E-07,0.4969197,1.456934384
3851.5188,671983,2575101011,7.85E-06,1.923740443,0.030113641,1.923740443,7.59E-06,6.04E-06,9134,1.24588E+11,296683940,1.05E-07,0.496900802,1.456953282
3842.6973,670983,2563317670,7.88E-06,1.923740452,0.030113632,1.923740452,8.53E-06,6.49E-06,10009,1.24016E+11,295326430,1.16E-07,0.496927769,1.456926315
3840.9377,670255,2560969533,7.87E-06,1.923740467,0.030113617,1.923740467,7.57E-06,6.23E-06,9201,1.23904E+11,295056060,1.07E-07,0.496911458,1.456942626
3838.3015,670419,2557455439,7.89E-06,1.923740226,0.03011362,1.923740226,7.06E-06,5.65E-06,8465,1.23736E+11,294651170,9.80E-08,0.496881713,1.456972132
3823.4312,667509,2537675120,7.91E-06,1.923740496,0.030113588,1.923740496,7.06E-06,6.07E-06,8674,1.22778E+11,292372500,1.01E-07,0.496900108,1.456953977
3702.7622,647089,2380003224,8.18E-06,1.923740985,0.030113337,1.923740985,7.56E-06,6.18E-06,8517,1.1515E+11,274209000,1.06E-07,0.496902345,1.456951977
3688.9216,644477,2362241428,8.21E-06,1.923741255,0.030113306,1.923741255,8.26E-06,6.55E-06,9101,1.14289E+11,272162850,1.14E-07,0.496927007,1.456927554
3600.261,629563,2250041465,8.42E-06,1.923741691,0.030113109,1.923741691,9.58E-06,7.34E-06,9900,1.08857E+11,259237580,1.31E-07,0.49697642,1.45687838
3598.7166,629159,2248110986,8.42E-06,1.923741695,0.030113104,1.923741695,8.62E-06,7.06E-06,9172,1.08765E+11,259015200,1.21E-07,0.496961614,1.456893186
3454.9456,603178,2072047811,8.76E-06,1.923742292,0.030112746,1.923742292,8.31E-06,6.80E-06,8164,1.00249E+11,238732980,1.17E-07,0.496955667,1.456899371
3338.0852,583398,1934228891,9.07E-06,1.92374271,0.030112447,1.92374271,1.04E-05,8.30E-06,9402,93577007775,222856260,1.44E-07,0.497029888,1.456825269
3311.7283,578251,1903799980,9.14E-06,1.923743028,0.030112368,1.923743028,1.04E-05,8.71E-06,9474,92103849152,219350900,1.48E-07,0.497050156,1.456805239
3279.362,572926,1866764123,9.23E-06,1.923743109,0.030112286,1.923743109,1.07E-05,8.78E-06,9470,90312073391,215084300,1.50E-07,0.497054405,1.45680099
3270.4126,571176,1856587329,9.26E-06,1.923743137,0.030112258,1.923743137,1.07E-05,8.96E-06,9507,89819247466,213911970,1.52E-07,0.497063604,1.456791791
3213.4104,561446,1792422691,9.42E-06,1.923743655,0.030112098,1.923743655,1.07E-05,8.51E-06,8947,86717143307,206520140,1.48E-07,0.497036486,1.456819267
3146.5146,549418,1718559476,9.62E-06,1.92374398,0.030111893,1.92374398,1.16E-05,9.40E-06,9395,83142251643,198011070,1.62E-07,0.497071055,1.456784817
3116.1248,544430,1685518345,9.72E-06,1.923744067,0.030111805,1.923744067,1.29E-05,9.86E-06,9961,81541973796,194204670,1.75E-07,0.497107084,1.456748788
3029.472,529329,1593065944,9.99E-06,1.923744579,0.030111532,1.923744579,1.29E-05,1.04E-05,9679,77068526805,183554020,1.80E-07,0.497135371,1.45672074
2994.3274,523270,1556312261,1.01E-05,1.923744815,0.030111415,1.923744815,1.40E-05,1.06E-05,9981,75290320957,179319920,1.90E-07,0.497144146,1.456712084
2988.4602,522371,1550218485,1.01E-05,1.923744951,0.030111398,1.923744951,1.31E-05,1.06E-05,9560,74995532399,178617900,1.83E-07,0.497144837,1.456711512
2927.961,511917,1488077228,1.03E-05,1.923745399,0.030111188,1.923745399,1.38E-05,1.10E-05,9615,71989304375,171459100,1.92E-07,0.497155098,1.456701489
2916.2551,509626,1476200409,1.04E-05,1.923745564,0.030111143,1.923745564,1.40E-05,1.12E-05,9666,71414215723,170090880,1.94E-07,0.497168014,1.456688693
2865.4512,500783,1425206082,1.06E-05,1.923745745,0.030110962,1.923745745,1.29E-05,1.09E-05,8830,68948104782,164216200,1.84E-07,0.497158914,1.456697793
2820.6482,492916,1380979031,1.07E-05,1.923746034,0.030110792,1.923746034,1.29E-05,1.04E-05,8389,66809746470,159121140,1.80E-07,0.497140168,1.456716658
2779.0652,485899,1340554472,1.09E-05,1.923746545,0.030110639,1.923746545,1.54E-05,1.25E-05,9720,64851419052,154464060,2.15E-07,0.49720734,1.456649843
2749.462,480449,1312141495,1.10E-05,1.923746784,0.030110519,1.923746784,1.28E-05,9.03E-06,7475,63481940194,151190820,1.68E-07,0.497097527,1.456759776
2747.6606,480205,1310422486,1.10E-05,1.923746794,0.030110509,1.923746794,1.53E-05,1.22E-05,9382,63393665632,150992780,2.12E-07,0.49721537,1.456641932
2730.6667,477335,1294260189,1.11E-05,1.923746858,0.030110444,1.923746858,1.56E-05,1.29E-05,9584,62610718879,149130820,2.20E-07,0.497243412,1.456613891
2707.3125,473010,1272212275,1.12E-05,1.923747078,0.030110344,1.923747078,1.68E-05,1.29E-05,9828,61544238439,146590830,2.29E-07,0.49724595,1.456611472
2699.906,472036,1265259790,1.12E-05,1.923747222,0.030110319,1.923747222,1.56E-05,1.28E-05,9352,61208137397,145789860,2.19E-07,0.497241781,1.45661576
2657.5664,464480,1225880319,1.14E-05,1.923747519,0.030110141,1.923747519,1.54E-05,1.29E-05,9046,59303301493,141253180,2.19E-07,0.497245999,1.456611661
2635.4407,460869,1205549520,1.15E-05,1.92374773,0.030110049,1.92374773,1.70E-05,1.38E-05,9650,58319516349,138910960,2.37E-07,0.497257043,1.456600736
2582.6995,451153,1157771326,1.17E-05,1.923748093,0.030109806,1.923748093,1.78E-05,1.43E-05,9672,56006849177,133406730,2.48E-07,0.497304147,1.456553752
2545.0874,444841,1124289139,1.19E-05,1.92374826,0.030109639,1.92374826,1.69E-05,1.29E-05,8725,54389325252,129549400,2.30E-07,0.49725419,1.456603708
2419.558,423220,1016099021,1.25E-05,1.92374958,0.030109033,1.92374958,1.86E-05,1.48E-05,8828,49154016088,117085230,2.57E-07,0.497326634,1.45653198
2400.8608,419556,1000452277,1.26E-05,1.923749687,0.030108927,1.923749687,2.31E-05,1.66E-05,10336,48395135400,115282660,3.07E-07,0.497390958,1.456467656
2386.5173,417118,988531469,1.27E-05,1.923749997,0.030108856,1.923749997,1.92E-05,1.55E-05,8943,47819794423,113909290,2.68E-07,0.497354799,1.456504053
2375.0305,415340,979036675,1.28E-05,1.923750053,0.0301088,1.923750053,2.15E-05,1.71E-05,9824,47359021147,112815400,2.98E-07,0.49740261,1.456456243
2325.6467,406393,938737307,1.30E-05,1.923750568,0.030108522,1.923750568,1.84E-05,1.52E-05,8236,45411658357,108172660,2.60E-07,0.497350735,1.456508356
2319.8584,405620,934069213,1.31E-05,1.923750601,0.03010849,1.923750601,2.13E-05,1.76E-05,9455,45183551752,107634860,3.00E-07,0.497425978,1.456433112
2258.341,394980,885177245,1.34E-05,1.923751659,0.030108147,1.923751659,2.53E-05,1.88E-05,10156,42818264361,102002090,3.41E-07,0.497451623,1.456408184
2246.5474,392838,875953851,1.35E-05,1.923751498,0.03010807,1.923751498,2.50E-05,1.89E-05,10010,42371504657,100939500,3.39E-07,0.49747574,1.456383827
2244.1433,392336,874079674,1.35E-05,1.923751514,0.030108053,1.923751514,2.25E-05,1.88E-05,9379,42281323245,100723590,3.18E-07,0.497460143,1.456399424
2137.2249,373688,792758004,1.42E-05,1.923752901,0.030107382,1.923752901,2.61E-05,2.08E-05,9672,38346354344,91354610,3.62E-07,0.497540541,1.456319742
2122.892,371282,782158378,1.43E-05,1.92375311,0.030107292,1.92375311,2.60E-05,2.08E-05,9533,37833940694,90133420,3.61E-07,0.49753348,1.456326922
2067.6875,361456,741998664,1.46E-05,1.923753852,0.030106908,1.923753852,2.77E-05,2.17E-05,9525,35890964937,85506630,3.81E-07,0.497568693,1.456292067
2039.0394,356662,721575340,1.49E-05,1.923754291,0.030106707,1.923754291,2.57E-05,2.11E-05,8797,34903675550,83153630,3.61E-07,0.497553548,1.45630745
2010.4513,351610,701478818,1.51E-05,1.923754858,0.030106498,1.923754858,2.61E-05,2.11E-05,8625,33931788084,80838290,3.64E-07,0.497554936,1.45630642
1958.5823,342523,665741220,1.55E-05,1.92375561,0.030106103,1.92375561,3.24E-05,2.49E-05,9926,32201001703,76720900,4.42E-07,0.497669044,1.456192669
1933.7501,338126,648962541,1.57E-05,1.923755808,0.030105905,1.923755808,3.05E-05,2.50E-05,9368,31390082937,74787790,4.28E-07,0.497648753,1.45621296
1813.753,317378,570900702,1.67E-05,1.923758022,0.030104883,1.923758022,3.14E-05,2.49E-05,8382,27615147797,65794010,4.34E-07,0.497652403,1.456210502
1812.5774,317018,570160457,1.67E-05,1.923758039,0.030104867,1.923758039,3.06E-05,2.22E-05,7853,27580024740,65708736,4.07E-07,0.497617108,1.456245797
1805.9436,315933,565993620,1.68E-05,1.923758097,0.030104808,1.923758097,3.65E-05,2.93E-05,9686,27375143715,65228650,5.08E-07,0.497796582,1.456066323
1743.9934,304988,527817970,1.74E-05,1.923759294,0.030104208,1.923759294,3.86E-05,3.12E-05,9591,25528272626,60830256,5.39E-07,0.497851634,1.456011868
1726.4062,302114,517223430,1.76E-05,1.923759458,0.030104044,1.923759458,3.49E-05,2.97E-05,8708,25016688299,59609576,4.99E-07,0.497811351,1.45605215
1715.2864,300029,510579927,1.77E-05,1.923759934,0.030103925,1.923759934,3.77E-05,3.17E-05,9222,24694592589,58844144,5.35E-07,0.497862701,1.456001158
1667.7153,291812,482644272,1.82E-05,1.923760788,0.030103429,1.923760788,3.81E-05,3.07E-05,8650,23344181882,55625484,5.31E-07,0.497842136,1.45602208
1613.5042,282288,451767205,1.88E-05,1.923762116,0.030102816,1.923762116,4.31E-05,3.65E-05,9363,21849116169,52067916,6.14E-07,0.497980758,1.455884174
1585.4485,277408,436188460,1.91E-05,1.923762558,0.030102493,1.923762558,4.53E-05,3.54E-05,9161,21096152730,50272940,6.22E-07,0.497963191,1.45590186
1575.3254,275674,430634370,1.92E-05,1.923762921,0.030102369,1.923762921,4.82E-05,3.86E-05,9722,20826927758,49633004,6.70E-07,0.498011532,1.455853758
1514.736,265038,398135613,2.00E-05,1.923764399,0.030101606,1.923764399,5.01E-05,4.22E-05,9555,19255787634,45888504,7.12E-07,0.498002959,1.455863046
1504.1434,263239,392584923,2.01E-05,1.923764778,0.030101466,1.923764778,5.49E-05,4.24E-05,9940,18985738246,45248950,7.51E-07,0.498131913,1.45573433
1499.8405,262446,390341210,2.02E-05,1.92376484,0.030101404,1.92376484,5.29E-05,4.26E-05,9702,18877208143,44990436,7.37E-07,0.498136615,1.455729628
1497.6982,262088,389226564,2.02E-05,1.923764869,0.030101374,1.923764869,5.01E-05,4.14E-05,9265,18823858912,44862004,7.05E-07,0.498095046,1.455771197
1485.6296,259997,382977050,2.04E-05,1.92376538,0.030101221,1.92376538,4.74E-05,3.88E-05,8604,18522309033,44141910,6.65E-07,0.498048485,1.455818116
1441.837,252453,360724144,2.10E-05,1.923766347,0.030100611,1.923766347,4.92E-05,4.02E-05,8407,17446265652,41577884,6.90E-07,0.498061824,1.455805134
1425.7853,249529,352734213,2.12E-05,1.923766714,0.030100364,1.923766714,5.97E-05,4.72E-05,9814,17057884734,40657276,8.25E-07,0.498240356,1.455626722
1418.6721,248341,349222307,2.14E-05,1.923767167,0.030100268,1.923767167,6.49E-05,4.76E-05,10218,16887993604,40252610,8.68E-07,0.498250388,1.455617047
1395.1947,244189,337755401,2.17E-05,1.923767771,0.030099903,1.923767771,5.84E-05,4.86E-05,9408,16333476504,38931364,8.26E-07,0.498267364,1.45560031
1388.3827,243036,334464143,2.18E-05,1.923768111,0.030099801,1.923768111,5.30E-05,4.26E-05,8332,16175748347,38552130,7.37E-07,0.498143533,1.455724379
1381.5231,241801,331166082,2.19E-05,1.923768225,0.030099687,1.923768225,6.12E-05,4.91E-05,9512,16014794023,38172120,8.52E-07,0.498280757,1.455587155
1366.0004,239180,323763448,2.22E-05,1.923768699,0.030099452,1.923768699,9.06E-05,5.12E-05,11920,15656486433,37319140,1.09E-06,0.498322534,1.455545616
1300.4586,227692,293429102,2.33E-05,1.923771007,0.030098335,1.923771007,6.04E-05,4.96E-05,8410,14190258008,33823850,8.48E-07,0.498308378,1.455560965
1286.2018,225193,287028335,2.36E-05,1.923771377,0.030098085,1.923771377,6.34E-05,4.93E-05,8428,13880843444,33086300,8.69E-07,0.498307238,1.455562224
1275.8339,223382,282417795,2.37E-05,1.923771811,0.03009789,1.923771811,6.65E-05,5.49E-05,8927,13657035466,32555044,9.36E-07,0.498406356,1.455463344
1272.4471,222769,280919809,2.38E-05,1.923771994,0.030097825,1.923771994,7.32E-05,5.83E-05,9616,13584012439,32382438,1.01E-06,0.498472148,1.455397672
1253.7151,219506,272706528,2.42E-05,1.923772585,0.030097473,1.923772585,7.23E-05,5.83E-05,9271,13186999510,31436032,1.01E-06,0.498473409,1.455396649
1240.9183,217329,267165678,2.44E-05,1.923773069,0.030097228,1.923773069,8.10E-05,5.93E-05,9756,12919007304,30797568,1.08E-06,0.498492094,1.455378203
1181.6605,206880,242249074,2.56E-05,1.923775486,0.030096002,1.923775486,7.87E-05,6.60E-05,9132,11713572407,27926432,1.12E-06,0.498623391,1.455248098
1167.4355,204488,236449430,2.60E-05,1.923775898,0.03009571,1.923775898,7.77E-05,6.54E-05,8811,11433330292,27258112,1.10E-06,0.498613318,1.45525829
1155.774,202384,231747183,2.62E-05,1.923776526,0.030095439,1.923776526,9.42E-05,7.06E-05,9931,11205428943,26716272,1.27E-06,0.498695228,1.455176737
1152.044,201775,230253113,2.63E-05,1.923776607,0.030095359,1.923776607,8.55E-05,7.23E-05,9459,11132911065,26544104,1.22E-06,0.498735274,1.455136691
1151.9648,201754,230221523,2.63E-05,1.923776842,0.030095361,1.923776842,8.38E-05,6.59E-05,8978,11132197750,26540460,1.15E-06,0.498628961,1.455243243
1061.1775,185903,195349095,2.86E-05,1.923780989,0.030093122,1.923780989,0.000104574,8.25E-05,9511,9445073986,22521952,1.44E-06,0.498875983,1.454998128
1060.909,185855,195250228,2.86E-05,1.923780998,0.030093114,1.923780998,0.000100185,8.51E-05,9417,9439799627,22510562,1.43E-06,0.498952566,1.454921545
1055.3036,184877,193191448,2.87E-05,1.923781385,0.030092965,1.923781385,0.000116707,8.66E-05,10218,9340253801,22273312,1.57E-06,0.498961454,1.454912895
1046.222,183294,189879131,2.90E-05,1.923781871,0.030092717,1.923781871,0.000103701,7.72E-05,8949,9181093459,21891610,1.40E-06,0.498818144,1.455056444
1042.1926,182604,188418681,2.91E-05,1.923782216,0.030092611,1.923782216,9.08E-05,7.33E-05,8065,9110688871,21723308,1.27E-06,0.498789731,1.455085096
1041.287,182464,188091257,2.91E-05,1.923782236,0.030092591,1.923782236,0.000111089,8.69E-05,9690,9093649132,21685572,1.53E-06,0.498983894,1.454890932
1015.93896,178062,179041085,2.98E-05,1.923783666,0.030091875,1.923783666,0.000117706,9.19E-05,9769,8655915780,20642640,1.62E-06,0.499050013,1.454825528
1013.9741,177709,178348853,2.99E-05,1.923783729,0.030091813,1.923783729,0.000110495,9.33E-05,9464,8622246494,20562872,1.57E-06,0.499087224,1.454788317
983.3089,172325,167719363,3.08E-05,1.923785609,0.030090887,1.923785609,0.000117086,9.13E-05,9103,8108788141,19337928,1.61E-06,0.499056842,1.454819653
958.04114,167877,159206177,3.16E-05,1.923787018,0.030090073,1.923787018,0.000135895,0.000102403,9873,7696566594,18356856,1.84E-06,0.49921586,1.454661231
941.2711,164975,153678484,3.22E-05,1.923788172,0.030089515,1.923788172,0.000130759,0.000107799,9545,7429019670,17719824,1.84E-06,0.499305796,1.454571891
899.58264,157688,140360363,3.37E-05,1.923791086,0.030088032,1.923791086,0.000142355,0.000117518,9497,6784910086,16184979,2.01E-06,0.4994415,1.454437618
895.93164,157057,139222772,3.38E-05,1.923791453,0.030087903,1.923791453,0.000142646,0.00011838,9463,6729877278,16053870,2.01E-06,0.499457097,1.454422259
873.2675,153099,132264321,3.47E-05,1.923793157,0.030087034,1.923793157,0.000161587,0.000125003,9866,6393328647,15251925,2.21E-06,0.499541691,1.4543385
840.5419,147398,122531452,3.61E-05,1.92379557,0.030085694,1.92379557,0.000191443,0.00013493,10404,5922600083,14130214,2.52E-06,0.499672305,1.454208959
836.47687,146661,121348417,3.62E-05,1.923796107,0.030085514,1.923796107,0.000153942,0.000126598,8871,5866137959,13993870,2.16E-06,0.499502702,1.454378919
825.1631,144694,118086118,3.67E-05,1.923796954,0.030085025,1.923796954,0.00017285,0.000138861,9584,5707630821,13617882,2.41E-06,0.499731246,1.454150733
802.776,140781,111761820,3.77E-05,1.923798927,0.030084006,1.923798927,0.000183505,0.00014883,9670,5401667532,12888988,2.56E-06,0.499856888,1.454026044
796.52545,139705,110027158,3.80E-05,1.923799452,0.030083719,1.923799452,0.000183119,0.000147851,9483,5318071336,12689056,2.55E-06,0.499804309,1.454078862
766.9234,134549,101996136,3.95E-05,1.923802337,0.030082264,1.923802337,0.000196064,0.00016213,9514,4929416702,11763430,2.76E-06,0.500017603,1.453866998
755.32214,132505,98931709,4.01E-05,1.923803661,0.030081656,1.923803661,0.000200487,0.000166438,9454,4781240693,11410232,2.83E-06,0.500069955,1.453815362
752.8479,132078,98284221,4.03E-05,1.923803784,0.030081533,1.923803784,0.000204617,0.0001618,9380,4750136335,11335600,2.83E-06,0.500018332,1.453866985
738.10895,129501,94471056,4.11E-05,1.923805298,0.030080734,1.923805298,0.000193968,0.000156726,8638,4566104942,10896096,2.70E-06,0.499974146,1.453911886
722.3463,126737,90476544,4.20E-05,1.923806905,0.030079842,1.923806905,0.000224157,0.000182186,9575,4372344673,10435684,3.14E-06,0.500247682,1.453639066
706.5876,123990,86569294,4.29E-05,1.923808664,0.030078918,1.923808664,0.000262072,0.00019223,10236,4183326807,9985321,3.51E-06,0.500361297,1.453526285
697.7134,122443,84406942,4.34E-05,1.923809924,0.030078373,1.923809924,0.000251745,0.000195031,9819,4078824827,9736079,3.45E-06,0.500391546,1.453496751
696.03455,122148,84000922,4.35E-05,1.923809914,0.030078264,1.923809914,0.000224823,0.000190012,9081,4059498021,9689281,3.20E-06,0.500291573,1.453596605
678.1961,119042,79747472,4.47E-05,1.923812238,0.030077132,1.923812238,0.000232294,0.000194514,8872,3853952932,9199000,3.29E-06,0.500342964,1.453546406
652.91156,114609,73907835,4.64E-05,1.923815386,0.030075414,1.923815386,0.000268833,0.000224177,9492,3571078694,8525871,3.80E-06,0.500696137,1.453194663
643.74243,113025,71845038,4.71E-05,1.92381675,0.030074766,1.92381675,0.000270412,0.000223233,9242,3471500322,8288087,3.81E-06,0.500689424,1.453202092
625.036,109765,67727118,4.85E-05,1.923819334,0.030073374,1.923819334,0.000279088,0.000225532,8910,3272611581,7813399.5,3.89E-06,0.500718943,1.453173765
610.5024,107229,64611669,4.97E-05,1.923821669,0.030072231,1.923821669,0.000325979,0.000255081,9778,3121588478,7454263,4.48E-06,0.500999513,1.452894387
594.7258,104455,61312797,5.10E-05,1.923824172,0.03007092,1.923824172,0.000352338,0.000263019,9826,2962194857,7073977,4.75E-06,0.501070721,1.452824371
593.086,104177,60974850,5.11E-05,1.923824317,0.030070775,1.923824317,0.000311418,0.000264292,9149,2945845233,7035019.5,4.44E-06,0.501088721,1.452806372
585.2653,102812,59376074,5.18E-05,1.9238257,0.030070107,1.9238257,0.000342072,0.000279463,9614,2868398702,6850710,4.80E-06,0.501225541,1.452670266
583.9209,102559,59103356,5.19E-05,1.923826067,0.030069979,1.923826067,0.000354967,0.000281222,9794,2855204632,6819273,4.91E-06,0.501241763,1.452654282
581.8553,102212,58685597,5.21E-05,1.923826364,0.030069801,1.923826364,0.000381584,0.000282284,10144,2835063005,6771112,5.12E-06,0.501229994,1.452666171
573.73694,100798,57058031,5.28E-05,1.923827686,0.030069075,1.923827686,0.000328255,0.000276694,8999,2756595247,6583482,4.67E-06,0.501181549,1.452715212
563.1072,98946,54961583,5.38E-05,1.923829626,0.030068089,1.923829626,0.000367157,0.000295896,9495,2655049236,6341794.5,5.12E-06,0.50137302,1.452524694
561.67444,98689,54682001,5.40E-05,1.923830005,0.030067948,1.923830005,0.00032686,0.000256912,8330,2642135866,6309564,4.50E-06,0.501054201,1.452843752
560.2864,98439,54411821,5.41E-05,1.923830142,0.030067811,1.923830142,0.000339191,0.000279094,8773,2628790349,6278417,4.77E-06,0.501221489,1.452676464
557.2715,97915,53827301,5.44E-05,1.923830553,0.03006752,1.923830553,0.000347293,0.000293505,8993,2600345710,6211030.5,4.94E-06,0.50134992,1.452548152
531.2272,93381,48909348,5.71E-05,1.92383569,0.030064886,1.92383569,0.000411143,0.000339913,9572,2362328000,5644045.5,5.80E-06,0.501746254,1.452154322
509.20285,89523,44934306,5.95E-05,1.923840288,0.030062434,1.923840288,0.000358627,0.000249214,7143,2171330598,5185751,4.68E-06,0.501197907,1.452704814
503.39703,88508,43914507,6.02E-05,1.923841559,0.030061758,1.923841559,0.0004663,0.000377382,9654,2120860169,5068171,6.51E-06,0.502046275,1.451857043
494.91772,87028,42446136,6.12E-05,1.923843537,0.030060734,1.923843537,0.000482739,0.000379332,9536,2050062892,4898871,6.65E-06,0.502012478,1.451891793
490.40414,86245,41674694,6.18E-05,1.92384445,0.030060178,1.92384445,0.000485893,0.000399059,9611,2012564535,4809924,6.83E-06,0.50221195,1.451692678
480.33716,84489,39979580,6.31E-05,1.923846927,0.030058894,1.923846927,0.000504821,0.000404799,9479,1930726097,4614475.5,7.02E-06,0.502257503,1.451648318
479.07526,84263,39769577,6.33E-05,1.923847335,0.030058724,1.923847335,0.000486767,0.000403212,9228,1920654013,4590262.5,6.87E-06,0.502213245,1.451692815
475.4099,83629,39162749,6.38E-05,1.923848168,0.030058249,1.923848168,0.000477276,0.000391392,8874,1891588606,4520292,6.70E-06,0.502051217,1.4518552
440.50876,77534,33618205,6.88E-05,1.923857699,0.030053248,1.923857699,0.000586391,0.000494291,9472,1623109794,3880959,8.34E-06,0.50289589,1.451015057
426.85773,75147,31564622,7.10E-05,1.923861675,0.03005106,1.923861675,0.000628864,0.000486614,9183,1524114291,3644150.5,8.61E-06,0.502856236,1.451056499
421.7076,74246,30806683,7.19E-05,1.92386337,0.030050199,1.92386337,0.000711986,0.000537754,10032,1487223408,3556746.5,9.65E-06,0.503184247,1.450729322
416.62857,73364,30068229,7.28E-05,1.92386483,0.030049335,1.92386483,0.000642516,0.000537259,9252,1451673747,3471587.5,9.10E-06,0.503126006,1.45078816
413.9967,72904,29689093,7.32E-05,1.923865768,0.030048875,1.923865768,0.000651514,0.000525257,9114,1433412104,3427865.2,9.08E-06,0.503105099,1.450809544
412.74396,72680,29509473,7.34E-05,1.923866107,0.030048654,1.923866107,0.000692373,0.000559572,9631,1424535717,3407151.2,9.66E-06,0.503323613,1.450591149
409.71002,72161,29076742,7.40E-05,1.923867349,0.030048128,1.923867349,0.000589461,0.000473876,8077,1404154547,3357246.2,8.20E-06,0.502823928,1.451091549
404.53345,71251,28345758,7.49E-05,1.923869123,0.030047188,1.923869123,0.000703141,0.000586289,9530,1368263959,3272946.2,9.95E-06,0.503495279,1.450421032
403.89072,71138,28255645,7.51E-05,1.923869003,0.03004707,1.923869003,0.00070303,0.000581499,9465,1363947454,3262554,9.91E-06,0.503465247,1.450450826
400.58298,70556,27794161,7.57E-05,1.923870345,0.030046443,1.923870345,0.000709585,0.000584034,9377,1341682756,3209334.5,9.98E-06,0.503482856,1.450433932
395.372,69653,27074876,7.67E-05,1.923872042,0.030045461,1.923872042,0.000761087,0.000610587,9683,1306886516,3126380.5,1.06E-05,0.503613265,1.450304238
393.73892,69361,26851393,7.70E-05,1.923872837,0.030045144,1.923872837,0.000772409,0.000618754,9739,1296039955,3100607,1.07E-05,0.503695046,1.450222934
389.95016,68699,26336483,7.77E-05,1.923874175,0.030044401,1.923874175,0.000668852,0.000552661,8401,1271534243,3041222.8,9.42E-06,0.503334436,1.45058414
387.41983,68260,25995380,7.83E-05,1.923875151,0.030043903,1.923875151,0.000784387,0.00063886,9647,1254669703,3001882.5,1.10E-05,0.503816267,1.450102786
380.3236,67019,25050620,7.97E-05,1.923877792,0.030042454,1.923877792,0.000841346,0.000661896,9818,1209016070,2892921.2,1.16E-05,0.503951817,1.449968428
377.33832,66505,24658398,8.04E-05,1.923878888,0.030041834,1.923878888,0.00071709,0.000598704,8473,1190403872,2847684,1.01E-05,0.503594751,1.450325971
370.86557,65372,23818607,8.18E-05,1.923881466,0.030040448,1.923881466,0.00087778,0.000695148,9769,1149478542,2750825.2,1.21E-05,0.504145747,1.449776167
366.68304,64642,23283694,8.27E-05,1.923883226,0.030039523,1.923883226,0.000900919,0.000713712,9802,1123616680,2689129,1.25E-05,0.504251272,1.449671476
360.9556,63640,22561050,8.40E-05,1.92388548,0.030038223,1.92388548,0.000953666,0.000735914,9938,1088722992,2605778.8,1.30E-05,0.504341261,1.449582441
359.00916,63299,22318059,8.44E-05,1.923886287,0.030037773,1.923886287,0.000929818,0.000744619,9745,1076952442,2577751.5,1.29E-05,0.504422893,1.449501167
358.5565,63222,22261734,8.46E-05,1.923886512,0.030037667,1.923886512,0.000931114,0.000745979,9736,1074231535,2571254.8,1.29E-05,0.504432081,1.449492098
350.57706,61824,21280596,8.65E-05,1.923890089,0.030035759,1.923890089,0.000979166,0.000780524,9766,1026818367,2458085.5,1.36E-05,0.504621141,1.449304707
342.68588,60447,20332055,8.85E-05,1.92389349,0.030033789,1.92389349,0.001047464,0.000815879,9880,980986457,2348672.5,1.44E-05,0.504809693,1.449117586
340.91718,60139,20122413,8.89E-05,1.923894427,0.030033328,1.923894427,0.000972275,0.000752432,9059,971118228,2324490.5,1.33E-05,0.504463824,1.449463932
335.53088,59194,19490693,9.04E-05,1.923897033,0.030031914,1.923897033,0.000932727,0.000744473,8539,940726337,2251619.8,1.29E-05,0.504385225,1.449543723
333.78195,58894,19287742,9.08E-05,1.923897733,0.030031453,1.923897733,0.001055223,0.000852387,9598,930550466,2228207.8,1.47E-05,0.50499957,1.448929616
328.38553,57951,18668212,9.23E-05,1.923900641,0.030029975,1.923900641,0.001019482,0.000871826,9215,900666887,2156741,1.46E-05,0.505061135,1.448869481
305.90796,54023,16196494,9.91E-05,1.923912846,0.030023254,1.923912846,0.001268027,0.00100363,9601,781449848,1871593.6,1.75E-05,0.505322306,1.448613794
297.22067,52510,15288225,0.000102026,1.923917851,0.030020395,1.923917851,0.001390309,0.001033237,9669,737406818,1766802.6,1.87E-05,0.505892981,1.448045265
289.26733,51120,14479664,0.000104833,1.923922774,0.030017618,1.923922774,0.001307985,0.00100863,8764,698496295,1673511.8,1.79E-05,0.505840983,1.448099408
286.61365,50654,14214768,0.000105799,1.923924693,0.030016652,1.923924693,0.001418145,0.001168416,9597,685424955,1642947.6,2.00E-05,0.506505778,1.447435567
285.9249,50537,14146420,0.00010606,1.923925177,0.030016406,1.923925177,0.001343858,0.001142434,9185,682234155,1635061.1,1.92E-05,0.506295122,1.447646461
278.23373,49192,13394332,0.00010899,1.923930229,0.030013501,1.923930229,0.00163445,0.001216418,9964,645861296,1548280.2,2.20E-05,0.506663229,1.447280501
277.66733,49092,13339756,0.000109211,1.923930812,0.030013275,1.923930812,0.001587007,0.001236888,9831,643171413,1541983,2.18E-05,0.506805353,1.447138734
267.8013,47368,12407018,0.000113235,1.923937893,0.030009293,1.923937893,0.001610346,0.001265826,9319,598231464,1434350.8,2.22E-05,0.506919289,1.447027897
262.76807,46490,11944195,0.000115408,1.923941593,0.030007143,1.923941593,0.001760731,0.001388913,9820,575749710,1380941.2,2.43E-05,0.507438368,1.446510368
262.18497,46389,11891148,0.000115668,1.923942076,0.030006899,1.923942076,0.001491331,0.001130271,8155,573602119,1374819.2,2.02E-05,0.506416918,1.447532057
238.79779,42308,9860769,0.000127018,1.923961863,0.029995695,1.923961863,0.002081764,0.001682841,9695,475128963,1140487.6,2.90E-05,0.5085713,1.445386257
233.83531,41437,9454373,0.000129703,1.923966442,0.029993023,1.923966442,0.001942531,0.001381623,8224,455881025,1093579,2.56E-05,0.507639709,1.446319756
233.66595,41410,9440657,0.000129807,1.92396653,0.029992935,1.92396653,0.002074437,0.001659345,9212,454992980,1091995.6,2.88E-05,0.508363979,1.445595486
232.12708,41141,9316459,0.000130666,1.923968098,0.029992082,1.923968098,0.002121879,0.001717802,9348,448919440,1077659.5,2.96E-05,0.508687335,1.445272845
225.39116,39964,8782512,0.000134577,1.923974697,0.029988226,1.923974697,0.002481398,0.00188939,10025,423062989,1016023.44,3.37E-05,0.509307473,1.444655449
223.76782,39681,8656188,0.000135556,1.92397626,0.029987258,1.92397626,0.002424239,0.001843677,9652,417035145,1001440.7,3.29E-05,0.509154705,1.444808813
219.83878,38994,8354226,0.000137976,1.92398057,0.029984856,1.92398057,0.002464932,0.001986168,9715,402383951,966581.75,3.43E-05,0.509640012,1.444325413
215.67871,38267,8040356,0.000140641,1.923985103,0.02998223,1.923985103,0.002531545,0.002032063,9589,387274557,930346.2,3.52E-05,0.509733967,1.444233365
210.73993,37405,7675532,0.000143941,1.923990512,0.029978967,1.923990512,0.002798269,0.002150632,9924,369627284,888226.3,3.82E-05,0.510181737,1.443787741
208.08691,36942,7483056,0.00014578,1.923993756,0.029977153,1.923993756,0.002363188,0.001921273,8393,360565280,866003.4,3.30E-05,0.509438507,1.444532402
205.72163,36527,7313513,0.000147453,1.923996726,0.029975494,1.923996726,0.003144122,0.002255908,10315,352151335,846427.8,4.17E-05,0.510520097,1.443452124
200.21977,35566,6926659,0.000151508,1.924003237,0.029971486,1.924003237,0.002762247,0.002287808,9149,333606716,801759.25,3.90E-05,0.510351771,1.443622952
195.85365,34804,6627146,0.000154894,1.924009193,0.029968154,1.924009193,0.002745652,0.002139889,8477,319236270,767173.1,3.77E-05,0.510261247,1.443716099
189.33772,33668,6192467,0.000160237,1.924017799,0.029962885,1.924017799,0.003058937,0.002494565,9000,298162077,716975.56,4.28E-05,0.511164515,1.442816169
189.00497,33608,6170664,0.000160515,1.924018439,0.029962603,1.924018439,0.003059184,0.002511326,8995,297139775,714457.6,4.30E-05,0.511044494,1.442936548
181.32042,32265,5677860,0.000167322,1.92402946,0.029955873,1.92402946,0.00368011,0.002834314,9674,273257314,657541.94,5.03E-05,0.51216468,1.441820653
179.0907,31876,5538710,0.00016941,1.924032822,0.029953822,1.924032822,0.003485622,0.002936599,9308,266509585,641469.5,4.95E-05,0.512536292,1.441450352
176.86292,31489,5401405,0.000171558,1.924036354,0.029951721,1.924036354,0.003863585,0.003029668,9739,259874885,625609.8,5.32E-05,0.512790103,1.441197972
176.05927,31349,5352296,0.000172343,1.924037845,0.029950945,1.924037845,0.003645587,0.003076028,9414,257498038,619937.3,5.19E-05,0.512905649,1.441083142
174.45737,31067,5255076,0.000173915,1.924040134,0.029949372,1.924040134,0.003820335,0.003148723,9582,252796724,608707.44,5.38E-05,0.513116445,1.44087306
171.39195,30533,5071523,0.000177037,1.924045349,0.029946302,1.924045349,0.00379429,0.003173707,9250,243981228,587504.06,5.38E-05,0.513176043,1.440815609
163.50787,29156,4614422,0.000185586,1.924059025,0.029937872,1.924059025,0.004127812,0.003427241,9130,221947287,534696.5,5.83E-05,0.513854848,1.440142048
160.10628,28562,4423870,0.000189536,1.924065425,0.029933976,1.924065425,0.004640632,0.003737648,9701,212696252,512680.34,6.47E-05,0.514617668,1.439381732
157.92105,28179,4303577,0.000192159,1.924069566,0.029931384,1.924069566,0.003972293,0.003058668,7939,207138978,498781.12,5.42E-05,0.513164667,1.440836283
154.53757,27590,4120596,0.000196381,1.924076098,0.029927236,1.924076098,0.005246032,0.003770951,9727,198142473,477637.2,6.96E-05,0.514733386,1.439269948
154.05792,27505,4094978,0.000196988,1.924076941,0.029926631,1.924076941,0.00497607,0.004042255,9669,196828802,474676.88,6.96E-05,0.515359465,1.438644107
152.98048,27317,4037722,0.000198376,1.924079266,0.02992526,1.924079266,0.00470484,0.003933216,9138,194194059,468060.56,6.66E-05,0.514554075,1.439450451
152.93167,27309,4035139,0.000198446,1.924079563,0.029925202,1.924079563,0.005073717,0.004091401,9683,193946550,467761.9,7.07E-05,0.515471217,1.438533547
150.36177,26859,3900245,0.000201838,1.924084583,0.02992185,1.924084583,0.005643898,0.003995992,9843,187521220,452173.25,7.44E-05,0.51518023,1.438826204
149.4523,26701,3853056,0.000203068,1.924086516,0.029920633,1.924086516,0.004859415,0.003980134,8927,185311391,446719.75,6.82E-05,0.514778713,1.439228436
143.18451,25606,3535660,0.000211977,1.924100412,0.029911862,1.924100412,0.005848332,0.004682313,9752,169854081,410036.1,8.13E-05,0.516814129,1.437198145
138.14207,24725,3290216,0.000219725,1.924112464,0.029904221,1.924112464,0.005406963,0.00427463,8360,158210798,381664.62,7.47E-05,0.515824412,1.438192274
137.60614,24632,3264649,0.000220586,1.92411366,0.029903383,1.92411366,0.006149752,0.005067442,9596,156787083,378709.03,8.66E-05,0.517643619,1.436373424
133.51491,23917,3072757,0.000227355,1.924123784,0.029896716,1.924123784,0.006133533,0.004887412,8884,147634356,356524.62,8.50E-05,0.517338617,1.436681883
131.9804,23649,3002281,0.000229999,1.924127832,0.029894099,1.924127832,0.00613348,0.004695768,8534,144303522,348376.5,8.35E-05,0.516909441,1.437112489
130.29025,23354,2925605,0.000232989,1.924132207,0.029891154,1.924132207,0.006096377,0.005034328,8548,140560687,339511,8.58E-05,0.517632427,1.436390934
130.0257,23308,2913693,0.000233467,1.924132905,0.029890694,1.924132905,0.00728428,0.005651792,9879,139873100,338133.62,9.98E-05,0.518836658,1.435186941
128.95235,23121,2865613,0.00023542,1.924136011,0.029888781,1.924136011,0.006444407,0.005284787,8821,137650296,332574.12,9.05E-05,0.518035103,1.435989689
128.33977,23013,2838351,0.000236539,1.924137602,0.029887667,1.924137602,0.007161827,0.005816886,9658,136238249,329421.9,0.000100149,0.519166241,1.434859027
126.086655,22620,2739204,0.000240774,1.924143918,0.029883496,1.924143918,0.006825097,0.005742919,9034,131519876,317956.84,9.69E-05,0.518915321,1.435112093
124.811905,22397,2683890,0.000243243,1.924147531,0.029881075,1.924147531,0.006404663,0.005203763,8186,128945141,311560.25,8.95E-05,0.51812397,1.435904637
122.55625,22003,2587396,0.000247725,1.924154089,0.029876663,1.924154089,0.006481112,0.00506027,7851,124360847,300400.7,8.90E-05,0.517730151,1.436300601
121.9239,21893,2560661,0.000249015,1.924155837,0.029875392,1.924155837,0.00867812,0.006448976,10154,122854807,297308.72,0.000116754,0.52036812,1.433663109
121.01281,21734,2522387,0.000250899,1.924158521,0.029873543,1.924158521,0.007119523,0.005638962,8454,121143561,292882,9.84E-05,0.51897147,1.435060593
118.11946,21228,2402750,0.000257053,1.92416744,0.029867484,1.92416744,0.007317718,0.005314685,7981,115443190,279044.12,9.74E-05,0.5186844,1.435350525
117.39707,21102,2373334,0.000258635,1.924169833,0.029865926,1.924169833,0.00873029,0.006874892,9717,113840605,275641.47,0.00012042,0.521137978,1.432897781
116.49226,20944,2336744,0.000260654,1.924172766,0.029863947,1.924172766,0.008687355,0.007063794,9658,112064711,271408.94,0.000121542,0.521495032,1.43254168
114.97465,20679,2276012,0.000264098,1.924177591,0.029860552,1.924177591,0.008949446,0.007234827,9666,109142838,264383.4,0.000124885,0.521772394,1.43226575
113.671394,20451,2224497,0.000267129,1.924181893,0.029857561,1.924181893,0.008862919,0.007364599,9476,106663926,258423.73,0.000125207,0.522024043,1.432015412
112.554955,20257,2180835,0.000269789,1.924185571,0.029854956,1.924185571,0.00814922,0.006142594,8196,104761995,253372.34,0.000110189,0.519519033,1.434521494
109.27647,19684,2055122,0.000277904,1.924197125,0.029846979,1.924197125,0.010319496,0.007878829,9817,98518331,238826.94,0.000140437,0.52285766,1.431186444
107.2959,19338,1980986,0.000283045,1.924204321,0.029841929,1.924204321,0.009820868,0.008026127,9288,94969905,230248.2,0.000137689,0.523004862,1.431041387
106.88985,19267,1965955,0.000284126,1.924205622,0.029840866,1.924205622,0.011052668,0.008395698,10036,94203020,228508.77,0.000150098,0.523755542,1.430290946
105.61672,19045,1919199,0.000287557,1.924210426,0.029837492,1.924210426,0.009828488,0.008302476,9144,91981705,223097.83,0.000139869,0.523611629,1.430436289
105.48922,19023,1914547,0.000287907,1.924210761,0.029837157,1.924210761,0.009863411,0.008163071,9071,91772562,222559.5,0.000139057,0.523411885,1.430636034
102.775116,18549,1816869,0.000295526,1.924221121,0.029829659,1.924221121,0.011577167,0.009078175,9857,87028579,211254.5,0.0001594,0.524767501,1.429283279
101.73929,18368,1780265,0.000298541,1.924225272,0.0298267,1.924225272,0.011855488,0.009272106,9880,85260501,207017.66,0.000163046,0.525148655,1.428903316
101.1541,18265,1759750,0.000300272,1.924227693,0.029824993,1.924227693,0.011522122,0.008798719,9398,84334150,204643.03,0.000156784,0.524273824,1.429778862
98.154274,17741,1656454,0.000309471,1.924239831,0.029815955,1.924239831,0.011561256,0.009464637,9159,79340215,192685.23,0.000162203,0.525467032,1.428588754
95.77895,17326,1576879,0.000317167,1.924250008,0.029808401,1.924250008,0.012530199,0.010259136,9450,75484331,183472.16,0.000175834,0.52664782,1.427410589
91.24946,16535,1430568,0.000332954,1.924270508,0.029792907,1.924270508,0.014073713,0.011024211,9446,68472001,166529.25,0.000193645,0.527521166,1.426542249
86.44039,15696,1283025,0.000351533,1.924293743,0.029774679,1.924293743,0.014648974,0.011449997,8822,61406238,149438.83,0.0002013,0.528424442,1.42564398
85.523865,15535,1255817,0.000355312,1.92429828,0.029770977,1.92429828,0.014948032,0.01172781,8827,60104204,146286.62,0.00020575,0.528585448,1.425483809
81.95001,14911,1152509,0.000370852,1.924317218,0.029755734,1.924317218,0.018042589,0.014035324,9736,55067156,134316.1,0.000247536,0.531657279,1.422415674
81.61474,14853,1143046,0.000372382,1.92431871,0.029754242,1.92431871,0.018439116,0.012660092,9365,54675207,133219.33,0.000239939,0.530154472,1.42391848
81.28417,14795,1133753,0.000373902,1.924320433,0.029752758,1.924320433,0.018946202,0.014443708,9968,54154331,132142.33,0.000257688,0.532225319,1.421847872
79.415764,14468,1081941,0.000382721,1.924330998,0.0297441,1.924330998,0.018944449,0.015084165,9700,51664211,126137.27,0.000262584,0.533028944,1.421046154
78.520386,14312,1057542,0.000387097,1.924335763,0.029739812,1.924335763,0.018090825,0.014531593,9097,50544669,123309.03,0.000251655,0.531935804,1.422139771
78.341095,14281,1052690,0.000387989,1.924336993,0.029738939,1.924336993,0.016361839,0.013031524,8170,50351162,122746.55,0.000226616,0.53088875,1.423187182
78.13678,14245,1047173,0.000389006,1.924338114,0.029737938,1.924338114,0.019861748,0.015698285,9811,50010335,122107.11,0.000274416,0.533120132,1.42095592
77.57102,14146,1031975,0.000391858,1.924341374,0.029735155,1.924341374,0.019391427,0.015095838,9383,49292911,120345.266,0.000266081,0.533000763,1.421075765
77.55596,14144,1031572,0.000391933,1.924341683,0.029735084,1.924341683,0.019239238,0.015734023,9510,49247393,120298.55,0.000269848,0.533761792,1.420314975
76.5943,13976,1005999,0.000396877,1.924347229,0.029730253,1.924347229,0.020234071,0.016350605,9701,48007040,117333.75,0.000282308,0.53455023,1.419527252
75.10146,13715,966936,0.000404786,1.924355937,0.029722498,1.924355937,0.021331159,0.016973897,9765,46132643,112804.6,0.000295592,0.535206407,1.418872029
74.79144,13661,958921,0.00040647,1.924357824,0.02972085,1.924357824,0.023566046,0.016920349,10230,45754059,111875.195,0.000312492,0.535159986,1.418918688
74.64702,13636,955199,0.000407261,1.924358833,0.02972008,1.924358833,0.01864424,0.0152274,8543,45638972,111443.55,0.000261206,0.533247295,1.420831618
72.60036,13278,903225,0.000418782,1.924371298,0.029708807,1.924371298,0.021012203,0.017565736,9197,43094253,105416.234,0.000297612,0.535762641,1.418317464
70.972015,12994,862914,0.000428421,1.924381686,0.029699373,1.924381686,0.023161831,0.019047457,9611,41130607,100740.53,0.000325696,0.537562086,1.416518972
69.36747,12714,824092,0.000438363,1.924392136,0.029689638,1.924392136,0.025394202,0.019755196,9819,39271748,96236.914,0.000348418,0.538288135,1.415793639
68.903946,12633,813044,0.000441325,1.924395264,0.029686748,1.924395264,0.024439303,0.019723717,9481,38748835,94955.086,0.000340749,0.538282336,1.415799677
68.023094,12479,792253,0.00044706,1.924401232,0.029681138,1.924401232,0.022693583,0.019390686,8813,37772952,92542.83,0.000324592,0.537964135,1.416118235
67.893715,12456,789222,0.000447907,1.92440219,0.029680299,1.92440219,0.024053382,0.019563529,9095,37623878,92191.13,0.000336467,0.538172136,1.415910353
67.1556,12327,772042,0.000452853,1.924407019,0.02967547,1.924407019,0.027182201,0.021281916,9878,36765813,90197.51,0.000374008,0.539882098,1.414200391
66.98721,12298,768149,0.000453995,1.924408135,0.029674354,1.924408135,0.027688714,0.021396896,9954,36602675,89745.74,0.000378817,0.539070008,1.415012481
66.773926,12261,763232,0.000455455,1.924409554,0.029672935,1.924409554,0.022740052,0.018069419,8242,36427728,89175.15,0.000314646,0.536822425,1.417260064
65.36289,12014,731102,0.000465324,1.924419442,0.029663285,1.924419442,0.025530315,0.02095201,8985,34837252,85446.16,0.000358549,0.539551324,1.414531404
63.592937,11705,691777,0.000478327,1.92443214,0.029650588,1.92443214,0.027688204,0.022988176,9270,32929403,80881.234,0.000390962,0.541554342,1.412528385
61.20793,11288,640507,0.00049704,1.924449583,0.02963231,1.924449583,0.027826722,0.021662115,8397,30534298,74928.22,0.000381604,0.540231449,1.413850444
58.081593,10742,576292,0.000523907,1.924473533,0.029606095,1.924473533,0.031674125,0.027183761,8986,27404280,67469.42,0.00045401,0.54488155,1.409198078
56.50949,10468,545285,0.000538559,1.924485766,0.029591835,1.924485766,0.03625673,0.028479186,9351,25908252,63866.45,0.00049945,0.546650768,1.407426833
55.23727,10246,520819,0.000551006,1.924495657,0.02957968,1.924495657,0.033080131,0.026312876,8211,24790092,61023.12,0.000457917,0.544643309,1.409432028
55.035053,10210,516983,0.00055304,1.924497398,0.0295777,1.924497398,0.038767711,0.031666946,9647,24527031,60577.145,0.000543498,0.549333291,1.404741807
54.85278,10179,513536,0.000554893,1.924498837,0.029575903,1.924498837,0.03846891,0.030494181,9386,24388506,60176.543,0.000532073,0.547968043,1.406106697
54.729847,10157,511219,0.000556146,1.924499933,0.029574688,1.924499933,0.037545424,0.031029715,9293,24264278,59907.125,0.000529054,0.548838848,1.405235773
52.761528,9813,474822,0.00057699,1.924515708,0.029554383,1.924515708,0.036086555,0.027193546,7985,22603936,55675.58,0.00048781,0.545496718,1.408573373
52.54884,9776,470970,0.000579332,1.924517635,0.029552099,1.924517635,0.042570821,0.034705784,9650,22321894,55227.613,0.000596294,0.551789504,1.40228023
51.693142,9627,455629,0.000588968,1.924524393,0.029542718,1.924524393,0.044899927,0.035842649,9757,21587147,53443.617,0.00062307,0.552676073,1.401391038
50.78895,9469,439696,0.000599503,1.924531912,0.029532458,1.924531912,0.042058521,0.035036601,9002,20847302,51590.35,0.00059469,0.55208635,1.401978019
50.430794,9406,433464,0.000603787,1.924534867,0.029528311,1.924534867,0.040377163,0.03310617,8466,20574434,50865.305,0.000566648,0.550713006,1.403350171
49.372925,9221,415314,0.000616788,1.92454358,0.029515663,1.92454358,0.042230769,0.033196793,8331,19715382,48753.715,0.000581589,0.551060995,1.402998248
47.7241,8933,387802,0.000638211,1.924557006,0.029494847,1.924557006,0.045417261,0.033421171,8139,18410772,45551.793,0.00060781,0.551800292,1.40225156
47.668232,8924,386886,0.000638955,1.924557384,0.029494111,1.924557384,0.049796005,0.041071437,9343,18310966,45445.21,0.000701056,0.556130911,1.397920584
44.904972,8441,342948,0.000678496,1.924579783,0.029455737,1.924579783,0.047541968,0.03217629,7298,16295015,40329.133,0.000614193,0.552207299,1.401828222
42.946594,8099,313413,0.00070961,1.924595071,0.029425548,1.924595071,0.061456739,0.050553903,9350,14792377,36888.2,0.000864181,0.562758669,1.39126195
41.591385,7862,293755,0.000732881,1.924604851,0.029403013,1.924604851,0.065774329,0.055219554,9472,13840806,34596.867,0.000933547,0.566029579,1.387978285
40.900486,7742,283979,0.000745327,1.924609756,0.029390956,1.924609756,0.077527274,0.05586091,10090,13384145,33456.996,0.001029481,0.566089902,1.38791081
39.90053,7567,270123,0.000764126,1.924616389,0.029372759,1.924616389,0.06780622,0.054682784,8833,12740767,31841.047,0.000944753,0.56574511,1.388244038
39.717564,7535,267625,0.000767665,1.924617787,0.029369335,1.924617787,0.071431344,0.060712961,9435,12591384,31549.703,0.00101956,0.569350805,1.384636317
39.337242,7469,262470,0.000775139,1.924620003,0.029362112,1.924620003,0.072157565,0.057913916,9114,12365952,30948.375,0.001003396,0.567714381,1.386267734
38.954453,7402,257333,0.000782795,1.924622417,0.029354691,1.924622417,0.076369413,0.0623106,9524,12108090,30348.988,0.001070034,0.569809497,1.384167611
38.730892,7363,254356,0.000787349,1.924623708,0.0293503,1.924623708,0.07367827,0.060324737,9102,11977524,30001.643,0.001033718,0.568880144,1.385093865
38.17272,7265,246999,0.000798935,1.924626924,0.029339097,1.924626924,0.080131479,0.064840891,9560,11611347,29143.133,0.001118605,0.571662673,1.382303348
38.12718,7257,246404,0.0007999,1.924627246,0.029338179,1.924627246,0.080858026,0.066012852,9661,11577505,29073.633,0.001133311,0.572396227,1.381569199
37.149296,7086,233791,0.000821095,1.924632241,0.029317687,1.924632241,0.087685801,0.069101724,9790,10978073,27601.402,0.001209906,0.574037379,1.379912549
36.953896,7052,231311,0.000825466,1.924632997,0.029313474,1.924632997,0.072365333,0.052031993,7710,10926834,27311.807,0.000958745,0.56591095,1.388035521
36.693085,7007,228021,0.000831376,1.92463405,0.029307772,1.92463405,0.08082595,0.061857952,8705,10740039,26927.652,0.00110043,0.570171834,1.383769988
35.971348,6881,219040,0.000848172,1.92463715,0.029291559,1.92463715,0.075880095,0.059335198,7938,10330123,25878.754,0.001042299,0.569028881,1.384899828
35.101128,6729,208451,0.000869348,1.92463993,0.029271136,1.92463993,0.091142682,0.076021263,9326,9774628,24641.781,0.001289679,0.577703783,1.376207283
35.010155,6713,207360,0.00087163,1.924640217,0.029268942,1.924640217,0.091717128,0.075769711,9296,9723924,24514.219,0.00129215,0.577716573,1.376192585
34.76603,6670,204444,0.000877787,1.924640675,0.029263,1.924640675,0.08267286,0.067704702,8243,9614596,24173.533,0.001159423,0.574006971,1.379896704
34.55814,6634,201978,0.000883106,1.924641272,0.029257873,1.924641272,0.101353965,0.080176991,9811,9459113,23885.297,0.00140086,0.579935616,1.373963529
33.795734,6501,193061,0.000903175,1.924642484,0.029238541,1.924642484,0.097496795,0.079544424,9159,9052209,22843.031,0.00136576,0.579028952,1.374852074
32.52382,6279,178635,0.000938762,1.924642656,0.029204275,1.924642656,0.109110842,0.089988681,9536,8348317,21155.975,0.001536228,0.584793838,1.369053093
31.8893,6168,171648,0.000957588,1.924641568,0.02918617,1.924641568,0.106843371,0.089072354,9027,8030567,20338.55,0.001511254,0.583954835,1.369872903
31.755905,6144,170197,0.000961643,1.924641291,0.029182276,1.924641291,0.114465412,0.09302021,9475,7950470,20168.748,0.001600884,0.586196238,1.367627329
31.461489,6093,167016,0.000970704,1.924640362,0.029173549,1.924640362,0.11778987,0.096963624,9624,7792893,19796.504,0.001657084,0.588086829,1.365727082
31.168543,6042,163881,0.000979913,1.924639172,0.029164725,1.924639172,0.117159045,0.097992388,9466,7645729,19429.562,0.001660023,0.588562672,1.365241225
30.176422,5869,153485,0.001012392,1.924633885,0.029133534,1.924633885,0.12169637,0.099694832,9134,7162601,18212.33,0.001707867,0.589315815,1.364451604
30.027573,5843,151955,0.001017454,1.924633131,0.029128685,1.924633131,0.126117326,0.106172013,9486,7076931,18033.104,0.001792269,0.592231868,1.361529948
29.700602,5785,148621,0.001028745,1.924630625,0.02911784,1.924630625,0.131035995,0.108744304,9579,6917834,17642.516,0.001850154,0.593362638,1.360385827
28.909687,5647,140709,0.001057137,1.924623383,0.02909063,1.924623383,0.144488232,0.114381928,9796,6542813,16715.398,0.001997662,0.595714664,1.357999349
28.285137,5538,134614,0.001080681,1.924615904,0.029068068,1.924615904,0.147862321,0.119689718,9693,6252714,16000.979,0.002064557,0.597953966,1.355730006
27.534779,5407,127472,0.001110396,1.924605124,0.029039629,1.924605124,0.131280988,0.107672551,8222,5943521,15163.28,0.001842318,0.593762444,1.359882308
26.486507,5224,117820,0.001154747,1.924585302,0.028997224,1.924585302,0.161782536,0.136760423,9489,5454775,14030.702,0.002303461,0.6047851,1.348797425
26.223906,5178,115462,0.00116643,1.924579279,0.02898608,1.924579279,0.144984209,0.104427045,7791,5392413,13753.865,0.001922351,0.593349763,1.360215596
25.60043,5069,109960,0.001195109,1.924563736,0.028958708,1.924563736,0.179146138,0.142232465,9543,5088199,13107.641,0.00247972,0.60676994,1.346752504
25.51994,5055,109260,0.001198916,1.924561406,0.028955077,1.924561406,0.18473897,0.145318273,9737,5052152,13025.346,0.002546926,0.607856797,1.345659687
25.35081,5026,107795,0.001206995,1.924556589,0.028947378,1.924556589,0.174578774,0.146107271,9340,4990647,12853.2705,0.002474118,0.606430895,1.347073072
25.238688,5006,106829,0.001212406,1.924553176,0.028942207,1.924553176,0.179958539,0.14786946,9462,4945600,12739.828,0.002529379,0.606695033,1.34680035
25.168417,4994,106227,0.001215823,1.924551072,0.028938947,1.924551072,0.18433973,0.151455076,9637,4905185,12668.983,0.002591073,0.610226478,1.343263541
24.019264,4793,96611,0.001274591,1.924510966,0.02888297,1.924510966,0.202393113,0.166013995,9631,4450089,11538.501,0.002842707,0.615365923,1.338028013
23.376167,4681,91430,0.001310024,1.924483274,0.028849269,1.924483274,0.20506203,0.159176051,9027,4222219,10928.904,0.002809644,0.613010604,1.340321939
22.425177,4515,84032,0.001366189,1.924433855,0.02879593,1.924433855,0.246680324,0.190667738,9964,3855262,10057.7705,0.003375203,0.623402787,1.329826998
22.357935,4503,83521,0.00137035,1.924429803,0.028791995,1.924429803,0.238462183,0.184568769,9584,3839652,9997.547,0.003264118,0.620800911,1.332420887
22.254461,4485,82737,0.001376785,1.924423999,0.028785878,1.924423999,0.252356424,0.21286269,10430,3814526,9905.221,0.003591035,0.617170312,1.336039565
21.985146,4438,80715,0.001393852,1.924407018,0.028769719,1.924407018,0.242974627,0.198119536,9663,3698433,9666.933,0.003403625,0.625870694,1.327306043
20.1721,4121,67757,0.001520655,1.924264127,0.028649753,1.924264127,0.253134444,0.206386039,8493,3105642,8138.272,0.003543484,0.629008058,1.323905823
20.057667,4101,66978,0.001529435,1.924253231,0.028641457,1.924253231,0.276674589,0.230768507,9262,3055439,8046.2007,0.003914783,0.635487778,1.317406909
19.709566,4040,64634,0.001556791,1.924217512,0.028615663,1.924217512,0.291381492,0.244124725,9436,2941279,7769.3403,0.004131659,0.63946038,1.313372796
19.385271,3984,62489,0.001583173,1.924181566,0.028590813,1.924181566,0.310313639,0.251870426,9581,2840729,7515.776,0.004337808,0.641506027,1.311266352
19.097744,3933,60618,0.001607307,1.924147329,0.028568067,1.924147329,0.32057722,0.261771245,9633,2750997,7294.477,0.00449351,0.64434756,1.308367837
19.049866,3925,60309,0.001611406,1.924141404,0.028564218,1.924141404,0.32697036,0.264534527,9734,2735621,7257.947,0.004564388,0.645102931,1.307602691
18.490835,3827,56762,0.001660771,1.924067672,0.028517787,1.924067672,0.291131842,0.235054737,8179,2591331,6838.22,0.004056713,0.637929227,1.314656232
18.431965,3817,56395,0.001666147,1.924059124,0.028512745,1.924059124,0.351331991,0.281790111,9755,2551971,6794.7456,0.004885576,0.649603407,1.302968462
18.317139,3797,55682,0.001676737,1.924042611,0.028502794,1.924042611,0.295898838,0.203371083,7623,2556798,6710.3506,0.003847615,0.630691003,1.321854402
18.316578,3797,55678,0.001676785,1.924042663,0.028502742,1.924042663,0.364628701,0.285893031,9896,2518290,6709.941,0.005020179,0.650524341,1.302021064
17.557396,3664,51081,0.001750311,1.923920895,0.028433775,1.923920895,0.37234771,0.288613209,9247,2322101,6165.2437,0.005099082,0.645704421,1.306650249
17.321886,3623,49695,0.001774442,1.923878418,0.028411163,1.923878418,0.375513048,0.316628011,9426,2238929,6000.9546,0.00534012,0.657955045,1.294334536
17.111786,3586,48475,0.001796546,1.923838779,0.028390483,1.923838779,0.355157126,0.285884582,8530,2201790,5856.264,0.004943344,0.647917054,1.304312208
16.323774,3449,44037,0.001884579,1.923670104,0.028308222,1.923670104,0.433391,0.35027426,9479,1976896,5329.312,0.006046422,0.665110855,1.286867471
16.269604,3439,43740,0.001890947,1.923657212,0.028302279,1.923657212,0.41851852,0.353639375,9281,1960976,5294,0.005957019,0.666942416,1.285017075
16.260883,3438,43692,0.001891983,1.923655188,0.028301323,1.923655188,0.412068561,0.341533715,9052,1962973,5288.327,0.005813138,0.664250067,1.287706444
15.858202,3367,41516,0.00194077,1.923554265,0.028255857,1.923554265,0.416051381,0.358048775,8848,1860958,5029.651,0.005970549,0.668247722,1.2835624
15.805226,3358,41234,0.001947371,1.92354015,0.028249705,1.92354015,0.421775447,0.349066266,8752,1853651,4996.1035,0.005945083,0.664681802,1.287108054
15.750814,3349,40945,0.00195421,1.923525532,0.028243343,1.923525532,0.47101885,0.367564459,9445,1835648,4961.7627,0.00647003,0.668341952,1.283426923
15.226269,3257,38215,0.002022611,1.923373983,0.028179719,1.923373983,0.48377098,0.402883578,9337,1702521,4636.785,0.006840525,0.677789456,1.273764247
15.14073,3242,37779,0.002034229,1.923347202,0.028168949,1.923347202,0.500402608,0.409130805,9469,1681581,4584.8345,0.007017515,0.67916524,1.272350912
15.086149,3233,37502,0.002041705,1.923329835,0.028161997,1.923329835,0.494200451,0.40606428,9307,1670511,4551.838,0.006945417,0.678355271,1.273136562
14.215402,3080,33222,0.002168938,1.92301782,0.028044144,1.92301782,0.606899196,0.47463358,9922,1466659,4041.553,0.008346413,0.692179583,1.258882381
14.149666,3069,32910,0.002179182,1.922991305,0.028034658,1.922991305,0.570960821,0.471828915,9485,1453525,4004.2607,0.008045707,0.691799439,1.259226524
14.112008,3062,32731,0.002185106,1.922976022,0.028029199,1.922976022,0.531899687,0.438261456,8787,1453275,3982.975,0.007482455,0.68526512,1.265740101
14.055166,3052,32463,0.002194097,1.92295262,0.028020891,1.92295262,0.569837076,0.438889536,9058,1441461,3950.9536,0.007781117,0.685349458,1.265624052
14.019227,3046,32294,0.002199815,1.922937405,0.028015602,1.922937405,0.554873293,0.469229039,9149,1427173,3930.775,0.007900116,0.691444767,1.25950824
13.758752,3001,31083,0.002242208,1.922823702,0.027976479,1.922823702,0.539571407,0.460493537,8614,1375868,3786.0654,0.007712272,0.690165398,1.260634782
13.335042,2926,29163,0.002314759,1.922620417,0.027909635,1.922620417,0.6350288,0.513922595,9287,1284171,3556.4668,0.008863877,0.697967735,1.252562317
13.076348,2881,28022,0.002361419,1.922484143,0.027866738,1.922484143,0.662762157,0.552035965,9442,1226173,3419.8174,0.009372619,0.706581506,1.243769374
13.06594,2879,27976,0.002363333,1.922478514,0.027864976,1.922478514,0.574782124,0.432497842,7838,1243917,3414.376,0.007763783,0.686555743,1.263787746
12.667738,2810,26266,0.002439063,1.922247956,0.027795484,1.922247956,0.726469252,0.594434011,9634,1143737,3209.4316,0.01019224,0.713858739,1.236184701
12.377763,2759,25055,0.002497335,1.922062897,0.027742125,1.922062897,0.761915639,0.617309429,9605,1088721,3064.1802,0.010642102,0.717315895,1.232489126
12.290497,2744,24696,0.002515419,1.922003976,0.027725586,1.922003976,0.720857803,0.570300124,8876,1079661,3021.126,0.009958654,0.710078708,1.239650854
12.019802,2696,23600,0.002573215,1.921811817,0.02767277,1.921811817,0.750691646,0.633006337,9097,1023769,2889.513,0.010673743,0.720483099,1.229001488
11.952112,2685,23330,0.002588096,1.921760883,0.027659211,1.921760883,0.815963096,0.67076193,9656,1007506,2857.0596,0.011471845,0.726209174,1.22321092
11.863917,2669,22981,0.002607735,1.921693789,0.027641309,1.921693789,0.681938768,0.450961793,7282,1017205,2815.0503,0.008728051,0.695905458,1.253429641
11.507394,2607,21596,0.002690245,1.921401985,0.027566187,1.921401985,0.882796586,0.715756301,9626,928163,2648.402,0.012334537,0.733328114,1.215640058
11.304449,2571,20827,0.002739588,1.921221512,0.027521355,1.921221512,0.904324711,0.747801687,9603,891877,2555.8115,0.012747756,0.738322893,1.210419974
11.23552,2559,20569,0.002756765,1.921157217,0.02750578,1.921157217,0.912067567,0.75496811,9571,883423,2524.7385,0.012862598,0.734961826,1.213701171
11.031879,2524,19817,0.002808778,1.920959882,0.027458616,1.920959882,0.959177921,0.778369339,9619,846568,2434.0474,0.013406962,0.742032308,1.20638619
10.940188,2508,19483,0.002832846,1.92086664,0.027436821,1.92086664,0.868725491,0.7376652,8760,835862,2393.7544,0.01238912,0.737126104,1.211177357
10.529689,2436,18024,0.002945848,1.92041441,0.027334728,1.92041441,1.052134815,0.86173573,9656,762933,2217.4868,0.014767719,0.754406308,1.19334283
10.130722,2366,16662,0.003064652,1.919912204,0.027227775,1.919912204,1.088289335,0.929886625,9431,702003,2052.6309,0.015570764,0.760945166,1.186194812
10.02685,2348,16316,0.003097177,1.919769983,0.027198572,1.919769983,1.058526682,0.915559457,9044,687805,2010.7544,0.015227401,0.760567293,1.186401262
10.006033,2344,16247,0.003103778,1.919740736,0.027192653,1.919740736,1.017358198,0.869959683,8617,688031,2002.414,0.01455442,0.755197062,1.191736327
9.903923,2326,15912,0.003136562,1.919594789,0.027163243,1.919594789,1.164734774,0.956876642,9476,667377,1961.7539,0.016369166,0.766855574,1.179902457
9.794501,2307,15556,0.00317249,1.919432524,0.027131077,1.919432524,1.19370397,0.985329147,9519,650741,1918.645,0.01681256,0.770234975,1.176328626
9.658186,2283,15120,0.003218386,1.919221602,0.027089991,1.919221602,1.127206402,0.950233664,8836,635060,1865.6113,0.01602269,0.765702972,1.180608621
9.491141,2254,14593,0.003276488,1.918948771,0.027038096,1.918948771,1.250333772,1.065418666,9503,605287,1801.6355,0.017867256,0.780797479,1.165189388
9.421184,2242,14375,0.003301447,1.918829767,0.027015837,1.918829767,1.263866193,1.058314393,9391,596971,1775.1741,0.017915816,0.779540821,1.166304783
9.327303,2225,14086,0.003335543,1.918665141,0.026985437,1.918665141,1.510293489,1.101682585,10336,583106,1739.9717,0.020160675,0.783398235,1.162252343
9.138196,2192,13512,0.003406408,1.918315735,0.026922378,1.918315735,1.323346868,1.108996934,9259,558714,1670.1326,0.018764395,0.78505664,1.160181473
9.102597,2186,13406,0.003420089,1.918247301,0.026910227,1.918247301,1.263551522,1.044323357,8724,560049,1657.1458,0.01779874,0.773079893,1.172077635
8.96113,2161,12986,0.003475544,1.917965851,0.02686099,1.917965851,1.230671852,0.946460084,7988,547168,1606.037,0.016782214,0.763271808,1.181555034
8.396165,2062,11381,0.00371618,1.916677263,0.026648376,1.916677263,1.642249457,1.36170669,9653,459435,1409.9115,0.023178764,0.813336892,1.129988747
8.089343,2008,10556,0.00386137,1.915847386,0.026520883,1.915847386,1.855783093,1.467909992,9911,423489,1308.7493,0.025649059,0.820333428,1.122034841
7.868323,1969,9982,0.00397318,1.91518129,0.026423086,1.91518129,1.910211026,1.525747673,9700,397418,1238.2102,0.026512691,0.828704853,1.112899523
7.8617415,1968,9965,0.0039766,1.915160444,0.02642009,1.915160444,1.879645593,1.551590354,9672,395594,1236.1396,0.02647587,0.831939826,1.109640708
7.8182693,1961,9854,0.003999402,1.915021674,0.026400192,1.915021674,1.773996121,1.509950677,9164,392764,1222.5067,0.025332637,0.827435583,1.113986283
7.8172417,1961,9851,0.003999938,1.915018457,0.026399714,1.915018457,1.783943333,1.484487376,9119,393572,1222.1854,0.025212317,0.824842864,1.116575307
7.7754226,1953,9745,0.00402213,1.914882468,0.026380373,1.914882468,1.811299367,1.512190308,9173,388362,1209.1439,0.025637799,0.827596384,1.113666457
7.7156987,1943,9595,0.004054233,1.914683947,0.026352397,1.914683947,1.605030616,1.212368823,7680,392742,1190.6401,0.021712405,0.797272678,1.143763665
7.6531553,1932,9439,0.004088413,1.914470637,0.026322639,1.914470637,1.917905044,1.61727392,9450,372643,1171.4156,0.027274801,0.837822663,1.102970613
7.537595,1911,9154,0.004153117,1.914060984,0.026266422,1.914060984,1.908750443,1.640349173,9208,361366,1136.3066,0.027378662,0.837708876,1.10261853
7.458861,1898,8962,0.004198372,1.913769811,0.026227147,1.913769811,2.028656519,1.658189621,9364,352899,1112.6921,0.028443655,0.84038038,1.099616578
7.401232,1887,8824,0.004232134,1.91355015,0.026197899,1.91355015,2.132624694,1.75063677,9706,344402,1095.5647,0.029964185,0.849858571,1.089889478
7.3114104,1872,8610,0.004285846,1.91319634,0.026151404,1.91319634,2.015849445,1.662335044,8985,338464,1069.1345,0.028370874,0.841778529,1.097569215
7.0292673,1822,7956,0.004463792,1.91198672,0.025997985,1.91198672,2.292492245,1.941463045,9554,305415,988.212,0.03266765,0.866592283,1.071392422
7.0266647,1822,7950,0.004465499,1.911974969,0.025996503,1.911974969,2.318060553,1.898572927,9507,306649,987.4804,0.032533249,0.861445036,1.076526437
7.015661,1820,7925,0.004472743,1.91192433,0.02599028,1.91192433,2.198765696,1.880319521,9175,306590,984.38995,0.03146643,0.858210488,1.079704122
6.978765,1813,7841,0.004497206,1.911753189,0.025969255,1.911753189,2.269199082,1.933950274,9353,301337,974.0632,0.032426569,0.865291574,1.072430871
6.6768055,1760,7177,0.004707951,1.910234167,0.02578883,1.910234167,2.420996003,2.05272414,9119,273836,891.59454,0.034509534,0.871418453,1.064604544
6.4983487,1728,6800,0.004842032,1.909225645,0.025674639,1.909225645,2.695306534,2.156460071,9365,256615,844.5708,0.037430695,0.881776869,1.053123415
6.217641,1679,6228,0.005069102,1.907445503,0.025482344,1.907445503,3.227581092,2.479014636,10075,229587,773.18115,0.044040857,0.903874458,1.029053389
6.1660314,1670,6126,0.005113188,1.907089166,0.025445171,1.907089166,2.864694966,2.402083364,9163,226559,760.3988,0.04062787,0.899997253,1.032537084
6.0172386,1644,5837,0.005244673,1.906006105,0.02533459,1.906006105,3.203119269,2.622392951,9645,212289,724.1431,0.044949271,0.915498644,1.01584205
5.795511,1604,5420,0.005453642,1.904223045,0.025159756,1.904223045,3.389256243,2.757044184,9447,195263,671.759,0.047419583,0.922266703,1.007116098
5.749759,1596,5336,0.005498832,1.90382704,0.025122078,1.90382704,3.114265288,2.563695338,8605,195257,661.1945,0.043785165,0.905748853,1.023200265
5.668208,1582,5188,0.005581295,1.903096085,0.025053496,1.903096085,3.523213348,2.961246317,9536,183867,642.57166,0.050030727,0.936843094,0.991306487
5.604923,1571,5075,0.00564701,1.902505093,0.02499897,1.902505093,3.607471699,2.894809607,9352,180585,628.3032,0.050163451,0.931798472,0.995705591
5.5925617,1568,5053,0.005660024,1.902387131,0.024988185,1.902387131,3.525467636,3.049517475,9417,177751,625.53503,0.050725997,0.943001527,0.984373789
5.5808883,1566,5032,0.005672369,1.902274824,0.024977945,1.902274824,3.400657812,2.945237711,9058,178271,622.9263,0.048948972,0.935845762,0.991407007
5.5701914,1564,5014,0.005683736,1.902171687,0.024968549,1.902171687,3.516507254,2.909253545,9133,178320,620.54065,0.04956717,0.931641118,0.995499118
5.5430465,1560,4966,0.005712771,1.901906165,0.024944512,1.901906165,3.412144646,2.740932528,8670,178161,614.50726,0.047450782,0.922464196,1.00438648
5.3371544,1523,4612,0.005943025,1.899750552,0.024754681,1.899750552,3.973592498,3.33702345,9538,158875,569.7043,0.056404802,0.958647127,0.965858107
5.0624175,1474,4162,0.006280775,1.896425878,0.024478639,1.896425878,4.561988232,3.743499201,9750,139160,512.5614,0.064087341,0.98085484,0.940049677
4.923275,1449,3945,0.006466875,1.894511577,0.024327758,1.894511577,5.142455961,3.950070692,10089,130264,484.77267,0.070171581,0.988585484,0.930253851
4.785393,1424,3736,0.00666247,1.892437653,0.024170085,1.892437653,4.780426378,3.821878136,9042,123612,457.99982,0.06635263,0.982352053,0.934255685
4.700243,1409,3610,0.006789264,1.891059386,0.024068368,1.891059386,5.249141699,4.345222472,9719,115536,441.84564,0.074031196,1.010199111,0.904928643
4.6354327,1398,3516,0.006889055,1.889956118,0.023988603,1.889956118,5.20133818,4.400034615,9465,112613,429.74472,0.074075725,1.007124649,0.906820072
4.576108,1387,3431,0.006982996,1.888902563,0.023913723,1.888902563,4.686563576,3.812957286,8192,112932,418.81534,0.065524382,0.979621487,0.933194799
4.4871726,1371,3306,0.007128705,1.887239923,0.023797999,1.887239923,5.020979087,4.199825056,8539,106364,402.6944,0.071101356,0.997114496,0.913923426
4.418659,1359,3211,0.007245169,1.88588627,0.023705881,1.88588627,5.575598497,4.79949667,9305,99226,390.491,0.080037946,1.030617059,0.878975093
4.3698997,1350,3145,0.00733039,1.884881781,0.023638679,1.884881781,5.87630679,4.879577483,9431,96906,381.92047,0.082981136,1.030894433,0.877626027
4.365045,1349,3138,0.007338984,1.884779598,0.023631905,1.884779598,6.290725979,5.011094111,9877,96067,381.07236,0.087212555,1.036486229,0.871925274
4.3609514,1348,3133,0.007346248,1.884693525,0.023626187,1.884693525,5.713016849,4.805391197,9191,96689,380.3579,0.08113847,1.029061872,0.87925784
4.3574967,1347,3128,0.007352382,1.884620644,0.023621344,1.884620644,6.000074353,5.037579679,9621,95321,379.75552,0.085163233,1.040116821,0.868125166
4.335252,1343,3098,0.007392163,1.884146251,0.02359005,1.884146251,6.013971435,5.09898586,9590,93957,375.88812,0.085742846,1.043278677,0.864457625
4.294147,1336,3044,0.007466825,1.88324941,0.023531429,1.88324941,6.087309594,5.205314026,9563,91590,368.794,0.087127819,1.047978311,0.858802528
4.2408857,1326,2974,0.007565823,1.882046049,0.023453886,1.882046049,6.212466467,5.334082672,9539,88669,359.70227,0.089085808,1.053175713,0.852324222
4.240749,1326,2973,0.007566085,1.882042906,0.023453691,1.882042906,6.035996379,5.194346739,9282,89665,359.679,0.086634423,1.043478325,0.862018273
4.0904527,1299,2781,0.007860134,1.878377049,0.023224742,1.878377049,7.064415181,5.73723241,9834,80964,334.63605,0.0987838,1.06535406,0.836247731
4.0328026,1289,2709,0.007979064,1.876855696,0.023132716,1.876855696,7.244489697,5.901576216,9819,77999,325.2699,0.101440632,1.071307095,0.828681318
3.9051437,1265,2554,0.008255618,1.873232042,0.022919977,1.873232042,6.554318777,5.725255293,8631,73308,305.00296,0.094691809,1.065752999,0.830399021
3.8393414,1253,2477,0.008405772,1.871215107,0.022805212,1.871215107,7.218869659,6.242299805,9135,69133,294.81085,0.103834575,1.084101193,0.809919126
3.7117717,1230,2330,0.008712942,1.866980318,0.022572036,1.866980318,8.653147583,6.740801313,9746,64238,275.545,0.118781775,1.084645429,0.804906926
3.5673797,1203,2171,0.009088761,1.861603625,0.022289626,1.861603625,8.999244975,7.447152603,9631,56399,254.52396,0.126894669,1.119496957,0.764396294
3.5549166,1201,2158,0.009122715,1.861107334,0.022264258,1.861107334,8.534067694,7.333709386,9239,56087,252.74866,0.122404724,1.117885668,0.765485923
3.5335913,1197,2135,0.009181417,1.860245356,0.022220483,1.860245356,8.586783367,7.537365806,9277,54809,249.72536,0.124384855,1.125501028,0.756964811
3.3956037,1171,1991,0.00958018,1.854253197,0.021925068,1.854253197,9.495011732,8.17236389,9388,49171,230.6025,0.136297482,1.141329222,0.734849043
3.339573,1160,1935,0.009752122,1.851597047,0.021798753,1.851597047,10.02909824,7.880228436,9205,48667,223.05495,0.13815061,1.121427955,0.751967846
3.2572932,1145,1853,0.010016055,1.847435208,0.021606115,1.847435208,9.514405912,8.033922964,8602,45454,212.19917,0.135316724,1.13119506,0.737846264
3.058682,1107,1667,0.010715811,1.835914712,0.021102567,1.835914712,11.93120808,10.12018189,9516,36549,187.11072,0.17012906,1.18563988,0.671377398
2.954148,1086,1574,0.011124657,1.828861607,0.020813094,1.828861607,11.37021888,9.126947545,8277,36207,174.53983,0.158020873,1.136461168,0.713213534
2.9528852,1086,1573,0.011129789,1.828771637,0.020809486,1.828771637,12.63622224,11.00975292,9517,32637,174.39062,0.182430956,1.207178022,0.642403101
2.8945098,1075,1522,0.011372128,1.824479204,0.020639557,1.824479204,16.08924811,11.45798688,10613,31858,167.56375,0.212639155,1.192597417,0.652521344
2.796522,1055,1440,0.011803394,1.816639987,0.020340117,1.816639987,14.62174725,12.2753331,9709,27930,156.4107,0.207533425,1.225259258,0.611720846
2.7887197,1054,1434,0.011839131,1.815979069,0.020315463,1.815979069,14.75484714,12.16681479,9663,28005,155.53914,0.20771848,1.21944389,0.616850642
2.787288,1053,1433,0.011845714,1.815857123,0.020310928,1.815857123,13.52563828,11.32322398,8928,28935,155.37947,0.191648284,1.197786322,0.638381729
2.756188,1047,1407,0.011990505,1.813160406,0.020211353,1.813160406,13.33572841,10.45800601,8372,29052,151.93143,0.183446036,1.177692927,0.655678831
2.7533906,1047,1405,0.012003704,1.812913033,0.020202306,1.812913033,12.57471242,11.01043206,8290,28200,151.62321,0.181826904,1.19571111,0.63740423
2.7159262,1039,1375,0.012183257,1.809525771,0.020079451,1.809525771,14.4509154,12.43743649,9172,26048,147.52512,0.207406515,1.225309239,0.604295983
2.708769,1038,1369,0.01221817,1.808862109,0.020055633,1.808862109,16.28719218,12.97777198,9905,25751,146.7486,0.225825455,1.228468396,0.600449346
2.6869152,1033,1352,0.012326017,1.806801902,0.019982232,1.806801902,14.05399292,12.44211058,8856,25558,144.39024,0.204343006,1.221117934,0.6056662
2.6274168,1021,1306,0.012629439,1.800922521,0.019776933,1.800922521,15.06975365,13.3268223,9073,23413,138.06639,0.219027434,1.241336305,0.579363149
2.5331807,1002,1235,0.013141608,1.790722367,0.019434456,1.790722367,17.09330135,14.86074398,9482,20632,128.3401,0.246521926,1.262215081,0.547941741
2.517562,999,1223,0.013230506,1.78891711,0.019375518,1.78891711,17.06460312,13.30159676,8905,22233,126.76235,0.234197387,1.209310458,0.598982169
2.5092912,997,1217,0.01327807,1.787946977,0.019344054,1.787946977,17.15246206,15.20623933,9427,19780,125.93083,0.249636049,1.272430096,0.534860935
2.48612,992,1200,0.013413141,1.785176158,0.019254923,1.785176158,19.20053144,15.50952188,9907,19654,123.61587,0.267841801,1.263013618,0.541417463
2.4823487,991,1197,0.013435382,1.784717544,0.019240276,1.784717544,18.60461667,15.56595499,9731,19371,123.24109,0.263655736,1.268896545,0.535061275
2.4755132,990,1192,0.013475887,1.783881104,0.01921364,1.783881104,16.0334826,14.07752268,8559,20207,122.56331,0.232177435,1.241207614,0.561887131
2.4340081,981,1163,0.013727115,1.778644892,0.019049076,1.778644892,17.09254101,15.11505993,8846,18699,118.4879,0.248387917,1.260793453,0.536900515
2.4281545,980,1159,0.013763299,1.777884099,0.019025472,1.777884099,17.26842383,14.637331,8721,19108,117.91866,0.246041616,1.245242704,0.551666867
2.353267,964,1106,0.014243481,1.76763175,0.018714566,1.76763175,20.06473479,17.24563179,9561,16233,110.75729,0.287855991,1.289473531,0.496872785
2.318414,956,1083,0.014478479,1.762508778,0.018563958,1.762508778,20.54925829,17.31411786,9419,15898,107.500854,0.292101067,1.279878238,0.501194498
2.2887533,950,1063,0.014684606,1.757958954,0.018432671,1.757958954,21.8302225,18.20666776,9700,15014,104.76783,0.308913694,1.291514112,0.484877513
2.2463393,940,1035,0.014989702,1.751128608,0.018239803,1.751128608,21.08612136,18.52589353,9262,14052,100.9208,0.305563912,1.299127574,0.470240836
2.2421722,939,1032,0.015020356,1.750436091,0.01822052,1.750436091,21.41765644,18.91004217,9392,13773,100.54674,0.31110651,1.306385641,0.462270971
2.2192667,934,1017,0.015191095,1.746557575,0.018113393,1.746557575,21.53031463,18.98151512,9247,13535,98.502884,0.312502221,1.301123567,0.463547401
2.1606672,921,980,0.015645935,1.73605375,0.017830566,1.73605375,23.12269308,20.41048768,9418,12089,93.36966,0.335839088,1.318796647,0.435087669
2.155857,920,977,0.015684474,1.735152359,0.017806773,1.735152359,22.34238854,19.8375889,9093,12277,92.95439,0.325341148,1.30879804,0.444161092
2.131892,914,962,0.015879322,1.730568375,0.017686878,1.730568375,23.65891045,20.07826014,9214,12102,90.89927,0.337375719,1.300638341,0.447616912
2.094797,906,939,0.01619055,1.723152502,0.017496722,1.723152502,21.90509642,18.02249688,8151,12321,87.76348,0.307781865,1.267990601,0.472658623
2.0636785,898,920,0.016461123,1.716613663,0.01733278,1.716613663,26.62005395,22.53738426,9693,10434,85.17539,0.379282085,1.324454714,0.409491729
2.0117583,886,889,0.016933051,1.705004904,0.017049816,1.705004904,26.64907699,23.71461066,9450,9297,80.94344,0.388538983,1.340109414,0.381945306
1.9903517,881,876,0.017135515,1.699946211,0.016929581,1.699946211,25.89356453,22.80423094,8957,9457,79.229996,0.37558321,1.319407779,0.397468012
1.9006734,858,824,0.018038492,1.676821005,0.016401636,1.676821005,30.17476948,26.06899604,9420,7838,72.25119,0.433895061,1.335315202,0.35790744
1.8699774,851,807,0.018369592,1.668114519,0.016211414,1.668114519,31.15744439,27.1123739,9448,7271,69.9363,0.449531359,1.342775589,0.341550345
1.822311,838,781,0.018908243,1.653694522,0.015905726,1.653694522,28.76415346,24.96878716,8308,7214,66.41635,0.414243066,1.312513478,0.35708677
1.7909392,830,763,0.019280118,1.643556464,0.015697372,1.643556464,33.79293576,29.8815901,9472,6034,64.14926,0.491232386,1.353973586,0.30528025
1.784525,828,760,0.019357934,1.641416235,0.015654044,1.641416235,31.18186364,27.41690588,8676,6529,63.690598,0.451865802,1.322136543,0.334933736
1.7836717,828,760,0.019368331,1.641129721,0.015648257,1.641129721,29.60649816,24.66043892,8043,7072,63.629692,0.418281376,1.291454847,0.365323131
1.7732719,825,754,0.019495971,1.637604132,0.015577421,1.637604132,35.52196726,30.32657193,9596,6005,62.889862,0.508038189,1.343259447,0.309922106
1.772842,825,754,0.01950128,1.637456985,0.015574483,1.637456985,29.27805749,25.25460444,7991,6672,62.859375,0.420311753,1.305518742,0.347512726
1.6949906,803,712,0.020512775,1.608907967,0.015022129,1.608907967,37.74792114,33.39955435,9480,4843,57.45987,0.548886509,1.355057258,0.268872838
1.6659343,795,697,0.020917342,1.597193584,0.01480557,1.597193584,36.64238555,33.0520652,8985,4758,55.50674,0.537527862,1.338675483,0.273323671
1.645335,788,686,0.021213836,1.588503373,0.014648425,1.588503373,41.02386614,35.37723604,9586,4428,54.14254,0.589450696,1.344228716,0.258923082
1.5709033,766,647,0.022357852,1.554149525,0.014054163,1.554149525,40.83100582,37.45954685,8978,3522,49.354744,0.603822831,1.34791212,0.220291568
1.5543146,760,639,0.02262958,1.545800906,0.013915796,1.545800906,42.17074489,37.6402213,8956,3551,48.317875,0.615542799,1.332264665,0.227452036
1.5471233,758,635,0.022749413,1.542096601,0.013855113,1.542096601,44.52992129,40.0507521,9391,3248,47.871815,0.652489827,1.348668675,0.207283039
1.5227145,750,623,0.023165625,1.529123402,0.013645911,1.529123402,44.46391197,40.88854119,9188,2984,46.373184,0.658369119,1.348556041,0.194213272
1.5192223,749,621,0.023226407,1.527215042,0.01361557,1.527215042,41.8390116,38.67257336,8643,3167,46.16072,0.620825484,1.331610927,0.209219685
1.5166744,748,620,0.023270948,1.525814485,0.013593365,1.525814485,46.30821419,41.72403996,9392,2967,46.006027,0.679117542,1.344814003,0.194593847
1.5100073,746,616,0.023388298,1.522115023,0.013534992,1.522115023,43.64927674,39.46115108,8805,3168,45.602436,0.640931961,1.323649155,0.21200086
1.4699255,732,596,0.024119115,1.498785912,0.013175787,1.498785912,48.57328964,44.38670068,9318,2523,43.213623,0.717103256,1.340397195,0.171564504
1.4545329,726,588,0.02441186,1.489301711,0.013033957,1.489301711,50.80238539,45.23188277,9417,2545,42.313316,0.74086055,1.324939713,0.177395954
1.4060246,709,563,0.025381872,1.457316695,0.01257223,1.457316695,54.40696057,48.50278304,9425,2178,39.538105,0.793906806,1.311872613,0.158016313
1.3859117,701,552,0.025806654,1.443044019,0.012373972,1.443044019,52.46986761,48.88842496,9035,1904,38.415024,0.781765574,1.317673838,0.137744152
1.345337,685,531,0.026707511,1.412248933,0.011961258,1.412248933,55.54502699,52.31403524,9056,1600,36.19863,0.831916955,1.306933441,0.11727675
1.337221,682,527,0.026895163,1.405745253,0.011876598,1.405745253,60.43670431,52.59243989,9351,1979,35.7632,0.871945771,1.260842969,0.156778882
1.3301125,679,523,0.027061662,1.399949654,0.011801855,1.399949654,61.19984662,54.12832687,9441,1749,35.383984,0.889722672,1.276245601,0.135505907
1.3206742,675,518,0.027285883,1.392107199,0.011701752,1.392107199,57.66205301,53.71101669,9007,1537,34.883606,0.858998743,1.287859017,0.115949934
1.2870514,661,501,0.028115127,1.362734013,0.011336989,1.362734013,60.25113136,56.79470779,8988,1284,33.130028,0.902742906,1.278129741,0.095941261
1.2682613,652,490,0.02860043,1.345277213,0.011127449,1.345277213,63.12892678,58.67316183,9074,1233,32.16973,0.939476654,1.262596826,0.093807836
1.2648259,651,489,0.028690937,1.342000173,0.011088683,1.342000173,62.43366216,59.03634286,9005,1141,31.995693,0.936876194,1.268963061,0.084125795
1.2514789,645,481,0.029047973,1.329007378,0.010936746,1.329007378,64.92435842,61.1987152,9146,1070,31.323988,0.972845553,1.261676332,0.078267792
1.248099,643,479,0.029139775,1.325650043,0.010897927,1.325650043,66.63917675,61.48032835,9234,1155,31.155022,0.988296059,1.247882476,0.088665494
1.2465407,643,479,0.029182282,1.324092758,0.010879981,1.324092758,68.10617952,61.75861279,9330,1221,31.077274,1.001813876,1.238462636,0.096510104
1.2448735,642,478,0.029227906,1.32242029,0.01086075,1.32242029,64.15457098,59.48023832,8874,1214,30.994205,0.953503264,1.237251082,0.096029958
1.2264011,633,467,0.029742883,1.303422579,0.010645381,1.303422579,65.80926861,61.80071016,8888,1058,30.081192,0.984169727,1.232918897,0.081149063
1.1989758,620,452,0.030541071,1.273559991,0.01031774,1.273559991,76.36418509,66.54867447,9475,1228,28.75086,1.102567192,1.176531537,0.107346194
1.194774,618,450,0.030667072,1.268799994,0.010266688,1.268799994,70.59691999,66.4877557,9050,890,28.549702,1.057347054,1.213322066,0.065744616
1.1889232,615,446,0.030844228,1.262086422,0.010195225,1.262086422,68.12869276,62.34659333,8540,1020,28.27077,1.006055229,1.189126146,0.083155501
1.1582357,599,429,0.031807214,1.225169927,0.00981304,1.225169927,70.97515871,65.10844618,8449,893,26.830196,1.049240995,1.162752263,0.072230704
1.1304053,583,412,0.032732761,1.189025098,0.009455508,1.189025098,74.74515447,70.3008041,8569,705,25.556324,1.118434961,1.147588424,0.050892182
1.1081364,571,398,0.033512087,1.158096399,0.009161744,1.158096399,80.55701225,78.08157273,8990,501,24.559326,1.22356611,1.14291449,0.024343653
1.1019313,567,394,0.033735729,1.14913866,0.009078651,1.14913866,85.89797355,79.05622102,9224,713,24.285051,1.272456518,1.101614748,0.056602562
1.0834433,556,382,0.034419686,1.121519635,0.008827856,1.121519635,85.8023617,80.41348175,8988,614,23.476984,1.282019281,1.085800582,0.044546909
1.054271,537,363,0.035555619,1.074913941,0.008422173,1.074913941,94.06336153,85.46598374,9167,696,22.229746,1.384863253,1.020590392,0.062745723
1.0358319,525,351,0.036312038,1.043379911,0.008159391,1.043379911,90.93303554,88.61428881,8864,373,21.458958,1.384754047,1.039577656,0.011961646
1.0181683,513,338,0.037066623,1.011533119,0.007903002,1.011533119,94.67317559,92.60424138,8923,342,20.733334,1.444429935,1.010892187,0.008543934
1.0181371,513,338,0.03706798,1.0114754,0.007902547,1.0114754,95.0268482,92.2055759,8918,376,20.732063,1.444080678,1.004871122,0.014506825
1.0148494,510,336,0.037211812,1.005360986,0.007854318,1.005360986,99.58921604,93.20701777,9109,528,20.598385,1.487165419,0.971336968,0.041878336
1.0000036,499,325,0.037875075,0.976987738,0.007634561,0.976987738,103.8003185,95.99884797,9153,572,20.000141,1.541231573,0.931834496,0.052787804
